21.389743887981457 22.0
22.0 21.932117164775917
26.97322501626582 27.0
89.69256888743581 89.0
97.0 97.6681407991147
21.211819440185316 22.0
180.0 179.98653561181152
179.06718168457917 180.0
47.0 47.235434195830116
3.087044867378446 4.0
72.57729701430137 73.0
21.289234893713108 21.0
72.0 72.81035874064847
97.0 97.89711284104736
25.332857327594027 25.0
27.0 26.79595664016617
26.672158660739026 27.0
49.0 49.85373488087939
21.26045144608293 21.0
26.0 26.215031749630818
54.0 53.94971221432734
98.0 97.58617975023014
180.0 179.02222474674886
17.27363643416454 17.0
32.46573046806616 32.0
18.0 17.154425997553428
47.0 47.963548030673174
32.0 32.620903727536295
88.75460420593245 89.0
89.0 89.3783195633371
73.0 72.50675942737968
180.0 179.70110269704148
26.0 26.987774024140162
21.230167777300593 22.0
11.0 10.760291697906299
179.2269209215347 179.0
179.0 179.29214560911373
0.0 0.7605205304246527
89.0 89.99498781940231
26.89198691642745 26.0
18.0 17.14356842408965
1.0 0.43196539270083745
88.62829260593168 89.0
21.25674419111381 22.0
72.0 72.96305492920655
26.477867556029455 26.0
72.72275958968183 73.0
179.0 179.2857338559969
10.0 10.129305864823593
111.57840531011658 111.0
112.0 111.13371969350702
25.854411991998962 25.0
111.40542199458707 111.0
18.0 17.96219001504998
21.0 21.88719348913171
72.60435589889764 73.0
17.0 17.929345844917723
180.0 179.94034299234394
8.0 7.709306762018944
90.0 89.10048001667641
26.0 26.339068188808763
27.0 26.603421850717417
49.45488873133715 49.0
180.0 179.47903528593875
32.965237090526365 33.0
72.0 72.06289911829953
98.0 97.85973702923732
179.55471512342814 179.0
90.0 89.17968444761048
97.21825036159983 97.0
111.0 111.26246538614753
17.0 17.149764487517956
27.0 26.333529925805752
179.12456398495465 179.0
97.9709529992667 98.0
72.57387769226573 73.0
72.0 72.62385321446219
32.0 32.97895011259027
179.0696648185584 180.0
4.0 3.196166723169281
97.65631144586541 98.0
32.046607794492196 32.0
26.151485406548147 26.0
48.0 47.81815704414175
180.0 179.3351111920235
89.0 89.27838064448292
17.952318102759136 18.0
111.0 111.46402207090205
11.0 10.875867879195559
99.9708563451502 100.0
73.0 72.00267035149739
97.85581232867644 97.0
10.0 10.606678187837069
21.309434043212956 22.0
53.88326520874701 53.0
99.96813972863947 100.0
21.0 21.24784366281998
0.0 0.2588379482991726
179.02916285649852 180.0
111.53348468787979 112.0
26.550031050394427 27.0
49.14413075776007 50.0
22.0 21.31029270699154
90.0 89.81089625071783
32.30745104074035 32.0
89.0 89.56359223900736
26.0 25.882198789107903
179.83413879880354 180.0
21.0 21.77741167197586
49.0 49.03986083858128
88.0 88.57692833014146
21.982204404515187 22.0
25.77158140757988 26.0
10.039307426987982 11.0
89.43236921161878 89.0
49.832362776671474 50.0
49.7590549650405 50.0
47.0 47.999412164680486
33.0 32.513666786045846
89.30128438528746 89.0
1.0 0.7561826680855193
33.0 32.84227522296548
97.32066905040715 97.0
50.0 49.70463146436285
180.0 179.59775345227106
90.0 89.11268255463023
18.0 17.48270249459826
89.46552702435311 89.0
22.0 21.264170638850516
25.383061267476442 25.0
111.98771780679091 112.0
89.52294391480888 90.0
17.46643275716288 17.0
49.756816972909476 50.0
50.0 49.11634614361835
99.06261730387762 100.0
17.2711552574952 17.0
89.0 89.39754709269393
179.82466909050305 179.0
89.35388948597009 90.0
26.0 26.348439324782262
111.50169314383456 111.0
21.648284033496385 21.0
98.0 97.92098227567391
25.979418455355788 26.0
54.0 53.10720753335423
180.0 179.3017397236633
54.0 53.90298003271281
47.97641373362369 47.0
53.43851195384515 54.0
180.0 179.01301767444056
49.0 49.48187181370613
99.23624809578227 100.0
26.310345468603394 26.0
97.0 97.01336688623319
179.0115543303667 179.0
3.959444096760161 3.0
21.623335548478355 21.0
26.0 26.890353200381675
25.65405899377643 25.0
50.0 49.844434658198026
26.0 26.672893205866544
26.0 26.539293049641227
21.106129844576515 22.0
97.57268521612895 98.0
32.29570666070442 32.0
18.0 17.05908547127558
0.13513892019376095 0.0
18.0 17.49729629613216
21.61009292495547 22.0
27.0 26.87424855355904
10.208354284236826 10.0
179.0 179.73393960250834
3.9508601667201955 3.0
21.704983745120966 22.0
4.0 3.9343244129441564
27.0 26.53886562240644
0.20388223112970483 0.0
53.0 53.22903409361043
112.0 111.09739545417885
73.0 72.39017258481189
26.26892264157371 26.0
72.19243933119306 73.0
17.0 17.670164203712176
179.0 179.06064545949818
33.0 32.903984978718896
179.5091743652103 180.0
89.0 89.21931552249364
111.07574329059982 112.0
72.10751089521578 72.0
88.18674619947213 89.0
1.0 0.851010417833769
179.47459628760143 180.0
111.93602356651031 112.0
49.008138927988554 49.0
33.0 32.553914800386764
111.42358124846638 111.0
50.0 49.100626359875015
89.0 89.7669217373198
90.0 89.05829770919499
179.0 179.04286223418526
49.0 49.00790299275654
3.0 3.5142977695299695
53.19756336248069 53.0
4.0 3.239763558386812
111.15615480297559 111.0
3.0861062704845796 3.0
25.338675669236437 26.0
26.993880052019918 26.0
18.0 17.342106416080547
32.423856836738366 32.0
180.0 179.5983360486022
3.0 3.411265843787389
17.065577552070412 17.0
0.9951769356405104 1.0
47.0 47.38168733237499
25.0 25.31647128686651
3.9991980817439554 3.0
0.46514210597817396 0.0
1.0 0.1185100207292692
21.463885830404777 22.0
179.49735520006524 179.0
53.94768788273329 54.0
25.475320366434037 25.0
179.0 179.59620885349264
26.0 25.5618043878733
72.78877262913927 72.0
97.59051537509652 98.0
17.0 17.6619538245395
0.0 0.15783051177688434
26.726670444376275 27.0
97.89041769546417 98.0
26.0 26.29971555059543
10.709081270730984 10.0
21.470084488808258 22.0
22.0 21.654190675831547
3.2434407375169947 4.0
18.0 17.72704779429775
11.0 10.186990670463082
49.754664697457166 49.0
111.0 111.6676075719921
112.0 111.4556370099601
17.0 17.97976022503919
21.52291991670212 21.0
25.91560381010955 26.0
53.0 53.10011401681391
7.354544262437642 7.0
17.05059008595487 18.0
27.0 26.762988097136567
97.0 97.9185914208098
21.0 21.643583744728332
26.798329339349557 26.0
72.62741053776891 73.0
27.0 26.068570048582032
73.0 72.99200655444075
21.0 21.632133299742193
72.0 72.32657480757813
17.20910715398016 18.0
32.834572398630506 32.0
3.0 3.834740397998303
49.0 49.561817820999266
112.0 111.8443518770532
26.586014066760406 27.0
98.0 97.5377904356451
73.0 72.53257137898044
179.0 179.9841257282024
89.19648734786674 89.0
89.80305479629801 89.0
72.81900565432595 73.0
47.0 47.496982927669364
26.154758589360554 27.0
17.0 17.225590203375226
26.618672171941416 27.0
90.0 89.25930321161266
21.0 21.255875577106885
0.5390397765426214 1.0
26.0 26.341538417896313
26.837205633620588 26.0
49.0 49.734943570156716
49.39389107619902 50.0
10.247569176054357 10.0
179.0 179.8340942448629
18.0 17.47263130738565
21.68263071697108 21.0
10.700818687193976 11.0
72.0 72.06763260315752
89.0 89.77584677682434
47.45988127687466 47.0
3.0 3.1842782401829144
88.16072091522514 88.0
48.0 47.936615843742636
179.0922642435063 179.0
17.948892957948665 17.0
89.0 89.38284574884675
21.021510591154005 21.0
88.86271739280986 88.0
90.0 89.36941566426441
3.291766256841273 4.0
49.97173731837593 49.0
22.0 21.93118750687499
90.0 89.86002266566368
111.7890236592283 112.0
26.0 26.165686199328643
48.0 47.506851590984
111.0 111.39496190030066
179.63633448619527 180.0
49.06892725936016 50.0
49.37103195772456 50.0
26.32180402186042 26.0
4.0 3.365946303397622
73.0 72.81867596417256
72.65893981782884 72.0
73.0 72.73382065124936
26.128883759239624 27.0
26.0 26.863265240603713
26.0 26.857245504852447
22.0 21.80332546473967
50.0 49.589042491175626
90.0 89.75910862376217
54.0 53.41674673198141
0.8848670843916012 1.0
53.987897013507194 53.0
26.0 25.430820060732902
27.0 26.523348480980566
47.882216471305256 48.0
22.0 21.167219249697464
10.284725911470767 11.0
72.4542914662531 72.0
90.0 89.89322696726371
88.595956737542 89.0
26.988012570854814 26.0
21.0 21.45201029286556
179.9051686366054 179.0
26.12517189877247 26.0
111.0 111.25075317573658
27.0 26.625234109402548
179.8737571680043 180.0
26.64333283179901 26.0
48.0 47.58887505448831
49.420425896902856 50.0
7.0 7.4440601267399416
49.74632005978833 49.0
179.73284658623285 179.0
26.192134233637976 26.0
179.0 179.7550178793105
21.0 21.132707881935254
98.0 97.98884516977783
0.0 0.9773958572455723
33.0 32.44059897137011
27.0 26.37699602185775
99.94405226946475 100.0
49.505401060607426 49.0
49.0 49.25961987310368
112.0 111.71031581718601
111.0 111.06888946394587
98.0 97.52661687789843
10.0 10.295984747741175
32.18379412932489 32.0
17.0 17.53779493449828
50.0 49.21297257089015
49.23231916117769 50.0
49.316677864064204 49.0
17.614726728608797 18.0
50.0 49.76815327558558
73.0 72.00453925865693
10.0 10.36020254927458
26.0 26.62582894953565
98.0 97.7583311558202
21.114481822624665 21.0
32.381458370464685 33.0
89.0 89.06074676133538
18.0 17.706673218352762
112.0 111.71892838822488
49.0 49.40924966941049
98.0 97.35280046119375
25.0 25.19379602060675
179.18869396078588 180.0
179.00294525581694 180.0
89.59512433262844 89.0
98.0 97.834167885605
32.36859256158622 33.0
50.0 49.74117890248672
179.2266827885862 179.0
10.919019964910191 10.0
26.217449156871215 26.0
72.7983434834561 73.0
73.0 72.87408015825746
50.0 49.39017068832979
180.0 179.67367044155276
18.0 17.220799688631164
88.0 88.52367010660345
180.0 179.038482440625
72.24415464114878 72.0
111.50319883204824 111.0
89.0 89.1956245393848
111.4490009833616 112.0
26.0 26.70734902990021
180.0 179.69882038804244
72.26697875778038 73.0
88.1932105783725 88.0
98.0 97.95521001038802
32.52938795382702 32.0
72.0 72.92776559901623
112.0 111.52684184205988
3.9575459942728948 3.0
21.764375241123822 22.0
73.0 72.5169140217373
21.732206263123317 22.0
50.0 49.96508338755821
17.36594779330512 17.0
26.0 26.920227569181055
3.4647866397998697 4.0
32.640463044034334 33.0
26.532198513635727 27.0
180.0 179.2903172586444
18.0 17.295884927043275
26.072726532128012 27.0
48.0 47.829813844604175
179.5183834719181 180.0
17.437941797866795 18.0
179.39442694868652 179.0
89.00726429875294 89.0
22.0 21.99675316655131
26.19169336966781 26.0
0.14760170629064517 1.0
4.0 3.6013974833206683
22.0 21.946691260008205
21.051348014694497 21.0
180.0 179.11778004822068
22.0 21.471810473355646
98.0 97.24048892762266
111.01544825587817 111.0
179.1340565034182 180.0
97.0 97.7744148745777
179.0 179.2112990829196
72.58222933232538 72.0
21.45947492976374 22.0
49.31461804209535 49.0
89.0602520295777 90.0
180.0 179.51766744439405
26.664660243683183 26.0
27.0 26.376369320085857
11.0 10.661196757817534
22.0 21.920177854111152
72.58404979604317 72.0
25.0 25.72478379782082
49.0 49.40324282017309
49.0 49.605747465675286
18.0 17.7977169432205
111.0 111.57294278335458
180.0 179.4109030126574
3.861614898359105 3.0
18.0 17.150374401457423
72.54023698098028 72.0
72.4207620440005 72.0
89.0 88.08544298101101
72.0 72.75292833033606
25.989548238863783 25.0
180.0 179.54209619059804
112.0 111.18187043018695
21.0 21.539935269537047
88.55204147018401 89.0
111.19855582955239 111.0
25.31845386192058 26.0
97.0 97.7457953814798
11.0 10.98107222828127
50.0 49.80987890118972
27.0 26.646674576672194
90.0 89.91307575937704
17.0 17.619355945647953
47.8663532526586 48.0
0.0 0.3433406664908719
26.13892451809157 26.0
99.84293768118694 100.0
10.0 10.214929228314507
26.2361907303357 26.0
72.45656528626998 72.0
49.0 49.812116149260326
179.8236483014963 180.0
179.69598117837594 180.0
179.3870676992902 179.0
73.0 72.48131930995179
1.0 0.9451902238960003
88.0 88.9432271437297
11.0 10.600552723915332
97.80436632822621 97.0
49.18596460059623 50.0
179.5700853843721 180.0
111.82443346673334 112.0
21.0 21.624004252715746
49.0 49.00210298144818
21.95145921254184 21.0
49.69463529835785 50.0
111.53590086907273 111.0
32.13504712904915 32.0
73.0 72.22790274746748
73.0 72.89843284492218
17.0 17.00479847578803
25.686089912294058 26.0
10.117870010079786 10.0
0.9461742856521306 0.0
49.899999446992204 50.0
179.0 179.59407668764223
22.0 21.972889234158245
18.0 17.921910954102923
49.0 49.02473994934024
89.0 89.52288068880712
47.827609542012844 48.0
10.52300104740932 10.0
10.180129580387813 11.0
11.0 10.35382463736385
18.0 17.051170151202797
72.7319488457448 72.0
32.58522624572135 33.0
10.020691101565667 10.0
48.0 47.133901423233524
49.01549470213753 49.0
179.0 179.6638341958655
89.0 88.86868363124276
97.68203912461556 97.0
100.0 99.10594177424387
10.399697518872369 10.0
3.663568655245687 3.0
99.0 99.64818594362167
10.179042825776191 11.0
26.543290331700877 26.0
73.0 72.1421957848716
49.46554589171375 50.0
72.6412664349438 72.0
26.19741079215304 27.0
72.19233267584613 73.0
7.315135942383121 8.0
179.0 179.01511411029819
3.0 3.9906150637033226
111.1820841564992 112.0
90.0 89.22053418104902
17.63556619126924 18.0
97.0 97.42479873453895
72.56699911907052 72.0
11.0 10.62451439557728
111.20481402376302 112.0
25.816645880044042 26.0
111.51022030672493 111.0
89.66064602458135 89.0
179.0 179.25373294302875
111.23884825511941 111.0
89.6425833714383 89.0
8.0 7.826127360211811
50.0 49.05918338334077
179.0 179.90696196506386
89.0 88.03405297765266
27.0 26.043189832476447
18.0 17.598356903922515
17.739566550194166 18.0
1.0 0.8489423689438866
53.978251813899355 53.0
26.0 26.696259701410263
26.0 26.495847146099
112.0 111.25176076662842
17.661469858640316 18.0
25.55524874702936 25.0
53.0 53.44567898060551
111.64338538669593 111.0
54.0 53.758922260270516
111.20490702700128 111.0
21.953304689329283 22.0
17.201008199144486 18.0
25.540099892189883 25.0
179.3343874167839 180.0
21.0 21.701634097657056
26.32717508290025 27.0
53.315158155228346 54.0
27.0 26.297766049909313
17.189913682754565 17.0
26.74848310869935 26.0
89.55605897131291 90.0
21.26492862449227 22.0
99.23974328366154 100.0
18.0 17.071424646986195
53.21247881288414 53.0
26.660299998717246 26.0
179.351419827199 179.0
97.4154802919734 98.0
49.0 49.90360432073534
72.01182109561861 72.0
179.5422453807153 180.0
7.0 7.43410722701032
26.267642419991123 27.0
97.7386213614932 97.0
72.15055422264506 72.0
0.0 0.7846733673673798
10.0 10.9509833803554
18.0 17.696056175608103
25.0 25.41388643505775
180.0 179.8381480254828
3.0 3.5586574977468146
26.0 26.29962813997098
49.47522253487144 50.0
88.0 88.94003113633873
88.0 88.84073554572197
89.0 89.14357702741188
49.0 49.18663643540888
10.315203503935916 11.0
25.0 25.21376161127737
72.69725029602677 72.0
26.0 26.498813381090788
0.5834963704749192 1.0
26.37485686536531 27.0
22.0 21.499110147026403
27.0 26.813413833639466
26.71763158733922 27.0
0.0 0.24830215335915418
33.0 32.11399025412593
4.0 3.724528502740759
53.51205094885965 54.0
17.167587918097517 18.0
3.0 3.2854128380644703
21.0 21.484564568825924
18.0 17.419007631204863
49.24429324059174 50.0
26.520424749160192 26.0
97.0 97.44718519519662
89.10337710038357 89.0
17.68333416975011 18.0
97.0 97.32783337326997
111.0 111.95540532971052
72.0 72.69487407808852
26.0 25.40386746572981
111.02014083642312 112.0
99.0 99.19417629341832
49.813646859564436 50.0
54.0 53.32414154724227
72.0 72.10501392999309
49.0 49.333319824980016
111.0 111.50100949299105
72.8728097785481 72.0
17.26862711498446 18.0
50.0 49.33756414951537
111.0 111.44485155291615
18.0 17.439644232158237
0.0 0.18722775390013058
32.04422363023347 32.0
50.0 49.727799637838416
17.984707043588713 17.0
49.0 49.9309535908235
111.70884096037108 112.0
89.70905639813539 90.0
26.0 25.076718458815037
99.6781584274864 100.0
50.0 49.888845115488216
18.0 17.689621815299667
111.71083787438336 111.0
26.0 25.19189303370467
17.481378029733012 18.0
17.21774910336564 17.0
33.0 32.721183383201755
72.33671113102494 72.0
32.33327667932938 33.0
10.355770594666064 11.0
0.6157032826813593 1.0
49.329479722795824 50.0
32.55092608094849 32.0
111.6654735546009 112.0
25.0 25.80540711368121
10.0 10.108483851900237
49.92927216504643 50.0
50.0 49.33934528431222
180.0 179.12253967237933
22.0 21.041525558979345
26.3427168806023 27.0
72.0 72.08315683060181
3.0 3.7153637661174623
111.0 111.57072643750645
53.2101366594604 53.0
32.0 32.6076324820531
25.0 25.841517774417376
112.0 111.46116628771821
97.08838494752028 97.0
0.5794971658124062 0.0
72.98847215175104 72.0
0.47439877311763323 0.0
49.0 49.91540323597241
88.28680454363162 88.0
112.0 111.19890636803794
97.67286101625032 97.0
21.692752089128422 22.0
27.0 26.130300425654326
111.98646504098801 112.0
49.0 49.31510417211481
111.33529955996175 111.0
25.0 25.615488693553612
97.08115139830478 98.0
21.24724566762705 22.0
21.839044749393018 21.0
97.0 97.68784539490699
97.77960568936096 98.0
22.0 21.413507203556424
89.70353355581514 90.0
112.0 111.36042606448967
32.52552983823211 33.0
11.0 10.839797943201894
26.461509673303766 26.0
27.0 26.165706408605985
1.0 0.37508592241053784
26.0 26.25940047119481
21.215125112415738 22.0
49.59312641534387 50.0
179.05658203187244 180.0
49.00863080651309 50.0
49.73505907562282 50.0
98.0 97.58109118941266
47.0 47.327939697335204
97.89201709133513 97.0
21.416652474124636 22.0
111.0 111.01328401428762
17.549549356613383 17.0
26.46102708209971 26.0
26.0 26.517210801260127
49.0 49.2329623913564
33.0 32.256216162621136
50.0 49.55363860829753
180.0 179.7126766493134
27.0 26.643375933164478
72.0 72.60168802475285
90.0 89.95886009906086
50.0 49.02648700995419
7.0 7.5535202860806505
97.0 97.52991230079732
26.0 26.130775150765725
72.46038988563848 72.0
97.0 97.86563803858702
17.502329487156846 17.0
89.45444849583725 89.0
97.0 97.17763888711464
49.0 49.30989641814849
26.25452936493751 27.0
180.0 179.898176438172
111.02880967854014 111.0
32.721690048161214 32.0
179.79545198515555 180.0
10.424762997891898 11.0
73.0 72.42448106167929
18.0 17.655936443039522
179.0 179.30819523919607
179.0 179.98099210512996
89.89863844182328 89.0
49.0 49.40105622311896
111.0 111.70960065694011
3.734729050583459 4.0
99.13338207380055 99.0
32.0 32.41744079494003
89.0 88.41580600098007
17.686760479759513 18.0
111.19998733808578 111.0
111.56260386477483 112.0
26.0 26.457909370853656
22.0 21.89263300971563
10.195007855708326 10.0
32.0 32.11369612575033
89.82299843348667 89.0
26.570730698741375 26.0
99.9069253536151 100.0
73.0 72.37130415681155
17.19940812349313 18.0
25.63677641725789 26.0
27.0 26.934007360167968
21.0 21.334794310290718
26.0 26.207972483573556
18.0 17.624466221921868
17.252113853942838 18.0
89.06707862032715 89.0
49.058514947838866 49.0
50.0 49.01109906664232
11.0 10.33129477017947
32.3524048875822 33.0
72.90231852837276 73.0
11.0 10.451710152481782
72.76740198053639 72.0
72.4234556565154 73.0
72.0 72.75863963201586
25.11805438429859 25.0
21.0 21.909491319353993
180.0 179.04400089763854
89.0 89.69181190722077
88.0 88.26615810413594
4.0 3.7629499868729686
26.473770541943487 27.0
25.600718401313973 25.0
179.53051260158168 180.0
26.0 26.70041425158259
25.0 25.704226915449087
111.44575403229966 112.0
17.62049380536562 18.0
97.47302662983246 97.0
72.11207125758894 72.0
89.65710869234228 89.0
49.0 49.14688038629227
48.0 47.26363882633871
49.22171838085132 49.0
25.24328521115573 26.0
21.712955104876094 22.0
111.624264379388 111.0
0.10670577090482258 0.0
21.933549230749286 21.0
179.5804885213808 179.0
179.0 179.2688243570131
90.0 89.34309945808882
89.0 89.96531535547373
25.0 25.19523665197395
50.0 49.98631115451104
179.00995660793478 180.0
21.0 21.967641281717132
33.0 32.78935129129719
97.93392652490982 97.0
49.42681668596511 50.0
32.0 32.36029761701402
72.0 72.62281209288913
26.431805552386347 26.0
26.0 26.651406254535175
49.0 49.63115498772436
112.0 111.19448889956679
50.0 49.00083881489638
22.0 21.031893064786384
180.0 179.99810625993516
111.0 111.86730586344329
89.71141286412109 89.0
97.40337257479601 98.0
90.0 89.21557380545599
26.721671835587173 27.0
49.0 49.55156539536684
90.0 89.850856926955
179.358675484387 180.0
90.0 89.35710934829763
3.0 3.133305185075052
47.76630856832278 48.0
179.0 179.5418507403014
111.0 111.8164019944769
17.565467230891315 17.0
26.820943042256545 27.0
97.80376342969892 98.0
22.0 21.12924312602831
0.07923806841999037 0.0
53.414055632817366 53.0
25.94622089143529 25.0
98.0 97.40194233571447
180.0 179.32714241377292
32.0 32.302226196361175
18.0 17.563477582673748
21.419371478155835 22.0
10.0 10.281365875649595
26.0 26.83589555460032
179.1407698066002 180.0
49.93080526425365 50.0
26.13071951944889 26.0
11.0 10.77709136349298
50.0 49.119087529520165
90.0 89.88849924612055
179.0 179.5436477503786
32.0 32.73722941403837
89.0 88.47507817554533
3.4832291891416585 3.0
32.0 32.79683793639776
26.0 26.112973495223432
89.84949053041431 90.0
89.0 88.24810600537265
111.0 111.15917345554733
89.09835956560985 90.0
179.53618569131763 180.0
49.32585888739388 49.0
32.0 32.09982244340175
98.0 97.93497020643632
21.0 21.80771279214328
72.36447352311328 72.0
3.0 3.836612587698645
21.0 21.723455098533996
21.0658629434917 21.0
17.60977098045957 18.0
49.0 49.36599665013354
21.27746438538124 21.0
88.0 88.66724092968087
21.32275991950399 21.0
88.86886068870508 89.0
10.0 10.32051096713041
88.0 88.00582557993096
88.0 88.9504820953448
26.105416988540806 26.0
73.0 72.85421524322653
21.36643833499224 22.0
26.0 25.053787149613797
0.7029326635314503 0.0
1.0 0.6305422032056545
88.83503537606944 88.0
89.5460551682405 89.0
10.80428109864522 11.0
22.0 21.370506560406525
17.03169638615385 18.0
0.45403373808748293 0.0
179.0 179.9985132703549
10.823327812586037 11.0
17.0 17.583400192243765
97.19211381618626 97.0
50.0 49.540061674710415
21.704081362328104 22.0
49.238286099678454 49.0
3.0 3.378170473361462
73.0 72.32091875666777
88.3248886254559 89.0
10.0 10.162521704209242
26.8020068579658 26.0
89.0 89.7831306529155
26.0 26.801434966107895
179.29784777446747 180.0
26.03103320243127 27.0
26.65312572807089 26.0
179.18961788822563 179.0
32.385506930359064 33.0
21.0 21.65937127662653
22.0 21.962853674206468
73.0 72.27175990221541
179.1420669967395 180.0
179.0 179.6484327844773
27.0 26.221767588752535
53.0 53.72964850485348
7.57535087579974 8.0
89.57062829007693 89.0
90.0 89.70756324381894
21.677254027319517 21.0
53.294315498634134 54.0
111.46178147806431 111.0
21.46293318653959 21.0
111.0 111.47897848945281
89.0 89.32326499817198
21.841042191765304 21.0
0.0 0.9519803223890017
54.0 53.755261491366475
21.92015763361742 21.0
111.0 111.19911573445071
0.0 0.5817606171507586
10.428788986864737 10.0
179.79601345109964 179.0
100.0 99.89812381932661
21.386766271472304 22.0
26.022742640278686 26.0
32.95132451961522 33.0
97.03718331358048 97.0
49.789131255928346 50.0
10.313080193488428 11.0
21.52611720936968 21.0
49.0 49.33987202647186
72.0026752963136 73.0
72.29962323338172 73.0
73.0 72.74483923869569
111.93916522351013 112.0
88.0 88.17130942124672
73.0 72.50692814415464
111.95336083462567 111.0
72.11735185611082 73.0
72.95655984574445 73.0
47.0 47.41464573733886
17.0 17.915397596692497
111.0 111.88208005169997
90.0 89.75579484911458
72.53893599996717 72.0
72.88245958676488 73.0
97.0 97.38373506631797
21.707448162205683 22.0
0.5057132591717715 1.0
88.0 88.29170599121075
111.1673717252351 111.0
54.0 53.68956043943705
97.25321062185422 97.0
18.0 17.056215316787146
49.0 49.58238102146908
32.953373919418 33.0
72.03888777346833 72.0
1.0 0.1394836080801658
112.0 111.25154559737805
179.0 179.59501306199644
88.01012803288333 89.0
89.94463048312996 89.0
88.9188355333288 89.0
27.0 26.213288273642725
50.0 49.89126315189383
72.67405243600469 72.0
33.0 32.22133701642243
180.0 179.886611137937
89.0 88.15054992198938
4.0 3.0798123536178594
17.0 17.151104583986392
26.035604695930928 26.0
32.18384757052816 32.0
17.70523193500148 18.0
89.0 89.58150477019814
111.0 111.67652495632454
21.0 21.068528029678795
72.8478857529696 72.0
10.0 10.218742214003393
32.99389011864792 33.0
26.133080325984746 26.0
179.0 179.23695953412633
27.0 26.35198581606926
73.0 72.99484339521919
179.93459884938275 179.0
3.729185223531155 3.0
10.76325897809862 10.0
97.0 97.4509903715274
47.093869673445305 48.0
88.32396629740234 89.0
72.0 72.21016601576058
3.0 3.4854155886659104
89.21703809769238 90.0
89.74452174456168 89.0
18.0 17.820741628807582
97.87973630530372 98.0
49.0 49.96003226733227
89.50292589968818 89.0
27.0 26.08297048917809
27.0 26.944201265717194
21.0 21.692543494200716
4.0 3.190033611837058
3.0 3.903791680777361
47.56893450203385 47.0
26.0 26.93680047623898
26.74825329599292 26.0
73.0 72.40617152608333
49.74480069705449 50.0
25.0 25.34658009190527
72.82047418241791 72.0
21.7135696137908 21.0
17.617406678553664 18.0
26.5705139806449 27.0
26.0 25.543995739168427
73.0 72.96845796471118
3.067716595935996 3.0
0.610221057114811 0.0
90.0 89.9957414672315
88.45337456478106 88.0
49.82031566893354 50.0
89.0 88.44352586670485
72.30877055995572 73.0
97.46355773760793 98.0
26.0 25.07425596657269
72.14320421986758 72.0
26.41931009967174 27.0
111.30632587179106 112.0
72.12752614477172 72.0
72.0 72.74836242009407
26.0 25.036018667250936
10.0 10.915505238621616
111.45786298996175 112.0
179.5525458186314 179.0
48.0 47.81631088324276
97.7920495724655 97.0
3.0 3.206229783049553
49.65039213610474 49.0
22.0 21.589409687009557
73.0 72.56124182035278
97.0 97.96446462283843
17.076035224460423 18.0
49.0 49.185760400040465
3.0 3.825683985502054
49.0 49.596793798284494
89.0 88.38470382496698
22.0 21.679560888019992
32.712660848687115 32.0
111.0 111.4729971990903
179.5784971758517 180.0
21.53468465571725 22.0
33.0 32.749055539982535
88.26099286336367 88.0
27.0 26.20003342938245
88.0 88.69828435762335
49.07458793398308 50.0
99.37614179328898 100.0
0.0 0.4583818317773666
50.0 49.70264645055366
0.40097200659845256 0.0
97.0 97.31534447765594
1.0 0.9805546423573468
111.67140878716447 112.0
26.0 25.51937379307579
26.84152741395037 27.0
72.4976789083215 73.0
21.0 21.96076887945488
49.0 49.633734394617484
17.5791894663192 17.0
4.0 3.441359848887528
54.0 53.99343959161091
72.89740354319089 72.0
49.66481902680435 49.0
0.7506517690070328 0.0
22.0 21.69232231290006
7.596923806656192 7.0
89.10588056095133 89.0
26.587595691737235 26.0
22.0 21.023125691137626
50.0 49.83243531005601
1.0 0.18371960163771084
21.47211225276916 22.0
89.0 89.72690421396621
22.0 21.4256466286411
17.0 17.125738018477794
17.405883490151528 17.0
10.851900725940427 10.0
50.0 49.847553911280926
88.47392949033481 88.0
10.0 10.112392444557864
49.0 49.58240874177397
49.036289573455015 50.0
88.71532206836754 89.0
50.0 49.15844386099952
27.0 26.92354034144421
179.31202593856216 180.0
17.0 17.409741598648676
49.296867118563114 49.0
72.72030937816339 73.0
0.7092765359456951 1.0
89.00086935339152 89.0
179.0 179.9097168204824
49.081505029532536 49.0
26.0 26.381497550427692
89.00345643368156 90.0
111.50745823242114 111.0
26.14247971332104 27.0
72.15634605277702 72.0
7.0 7.07506266698957
72.90632675884918 72.0
11.0 10.984298859674315
25.639246737151698 25.0
32.34477674711399 33.0
3.3045510632567687 3.0
33.0 32.39102175338721
21.0 21.69964700281316
49.9604031549173 49.0
32.536611473241095 33.0
111.70665460802944 111.0
179.0 179.92640934867185
1.0 0.9026399965820302
89.0 88.9270902832366
49.500681871613736 50.0
22.0 21.7422512732652
17.0 17.771319167370567
50.0 49.99385134219499
11.0 10.824512705653914
0.7535731813919524 1.0
53.0 53.080084849242446
26.3351069726942 26.0
97.41717817131824 97.0
89.0 89.2610686184604
26.34170702007584 26.0
22.0 21.180139197129105
49.29662936541521 50.0
27.0 26.448108352975282
72.0 72.57369181752155
17.048694323065472 18.0
49.0 49.87805562404822
49.53752012726491 49.0
26.579495568995664 27.0
26.0 26.98417761764399
99.61645926928561 99.0
179.0 179.62233639871482
17.642894181693602 17.0
32.11160174966738 33.0
49.0 49.66958359908675
3.9611277923200787 3.0
73.0 72.85643857965444
26.531376006831522 26.0
49.122434161938585 50.0
180.0 179.85094538814866
17.82390339412172 17.0
21.445123936388693 22.0
98.0 97.95701737874508
53.0 53.28146868810734
10.951347884879635 11.0
27.0 26.240400986416013
111.0 111.77109816791193
22.0 21.64300320930705
10.548719935065497 10.0
98.0 97.92944324257203
10.0 10.738388237164042
32.0 32.84704407387412
17.0 17.253127285466878
17.782937078967375 18.0
26.18322401836224 26.0
50.0 49.21864008484521
27.0 26.778253998156206
179.0 179.43593886740825
32.68708456602173 32.0
27.0 26.989255549415994
3.1510855401830318 3.0
90.0 89.6436136192592
26.659342417400268 27.0
32.0 32.725408771984156
179.49613658159097 180.0
21.11218357031112 21.0
3.0 3.9303027680302947
48.0 47.825786402303734
111.47195703068942 112.0
17.682421847673734 17.0
73.0 72.75738712251388
49.1629438362313 50.0
7.634596002783441 8.0
72.8032453668067 73.0
21.0 21.96247956813576
89.34477855559693 90.0
10.80149483231406 11.0
25.776286292893047 25.0
111.41661419549635 111.0
25.0 25.971879166877837
10.0 10.787920963302074
26.0 25.627626460569275
49.0 49.30995650564287
89.50115786080949 89.0
47.73440196604401 48.0
180.0 179.23175800833454
89.0 89.61256755620903
88.46296504671096 89.0
0.0 0.6064074035692606
22.0 21.48095527861817
180.0 179.55115556369728
49.16429398515269 50.0
112.0 111.00315375887064
26.461292819342546 27.0
180.0 179.82130314898058
180.0 179.78523839281303
180.0 179.27550016067406
49.17458606726837 50.0
22.0 21.173560338642627
72.0 72.7976819554194
88.07968124601791 89.0
26.22979373590117 27.0
53.409266138147984 53.0
10.868381918527264 10.0
26.0 26.25828342044476
179.56734530793898 180.0
48.0 47.24479913251421
18.0 17.639111993767834
53.459006333486535 54.0
90.0 89.71894532115994
26.732747825697025 26.0
180.0 179.9992876544004
26.540531941376607 27.0
32.0 32.73831004827787
111.0 111.61659985122628
4.0 3.576467707849042
25.02363892989391 25.0
21.0 21.217884446168082
18.0 17.821096744647605
179.30253936754823 180.0
26.0 26.175282978112662
180.0 179.78891543291644
179.0 179.1926161297154
0.07557435893285691 0.0
4.0 3.1773969687067734
88.89208636187398 89.0
26.0 25.741174994915887
21.126228325859334 21.0
179.0 179.7424758778655
0.16572235313075578 0.0
72.0 72.48785021681022
111.93642956981463 112.0
89.0 89.80055125425073
26.0 26.660347511680673
89.26495703611918 89.0
10.891559844144268 11.0
10.960281669032474 11.0
72.0 72.04577935721146
72.58074173854892 73.0
27.0 26.68003917804672
32.47377386419729 32.0
26.10952757834371 27.0
112.0 111.86757851315477
49.0 49.89020043938009
49.566574542734585 49.0
26.01526588915373 27.0
72.3514399938991 72.0
73.0 72.13213410160618
21.91327631676788 21.0
48.0 47.07812212998115
49.120679260050814 50.0
26.0 26.439348094157413
17.971532201224512 18.0
17.28906003101607 18.0
111.0 111.17867493704472
50.0 49.84366533017292
50.0 49.352931893073595
47.70403491916377 47.0
27.0 26.857586842861863
88.11586655657564 89.0
49.76558973266219 49.0
111.78452248038285 111.0
27.0 26.353024568718048
27.0 26.47808180931731
72.42082773242427 73.0
32.0 32.367431099080804
89.98241415591131 90.0
17.0 17.309174063753613
98.0 97.71457317061044
49.399701358607885 49.0
53.506890566708904 54.0
49.22166165345577 49.0
72.0 72.57669920334541
89.0 89.10404416297962
89.0 89.22678217826032
32.13996608870852 33.0
49.59099118704022 49.0
88.98354366506926 89.0
179.0 179.86310340364858
111.0 111.2298155978307
112.0 111.57298912782716
3.4880887243328726 3.0
89.0 88.12393807031664
49.6004842546062 50.0
89.0 89.20064306335252
73.0 72.08476432303154
88.61881241806343 89.0
21.0 21.031940903005808
49.63053031283919 49.0
53.39336909624237 53.0
179.17307126167137 179.0
49.0 49.86457153566708
50.0 49.16553394822312
17.05160448296218 18.0
10.727460937359965 11.0
73.0 72.44347361764207
97.61043386866322 98.0
21.65353970745023 22.0
26.0 26.112653183129723
72.56650091983963 72.0
90.0 89.69315368040968
10.0 10.397501348967412
18.0 17.290655471392025
112.0 111.963356660704
111.18358852024349 112.0
1.0 0.04734553714453682
47.41085374455005 47.0
50.0 49.977854238563594
73.0 72.10060959037291
111.08709625323675 112.0
72.97663054207322 72.0
72.0 72.98000903601925
26.0 26.865230619931793
11.0 10.299624909617478
21.368611233529226 21.0
49.0 49.98112549351317
179.0 179.25853582285058
180.0 179.3568227061795
21.289503215854808 21.0
17.380953088139037 17.0
10.975111629553885 10.0
18.0 17.27848228446362
21.0 21.29232047141439
111.37675392674397 111.0
112.0 111.11976285222286
49.338835821915794 50.0
89.13513753669683 90.0
18.0 17.99100193716126
97.74219879588908 98.0
88.4145337529281 89.0
25.0 25.943958962752706
98.0 97.35583302105746
97.96567443949314 97.0
73.0 72.18528509810251
17.0 17.04714145710243
32.91372843920822 32.0
22.0 21.53930110119407
73.0 72.76033922954483
17.0 17.96834879064274
97.65979794665454 97.0
89.0 89.67229133528303
54.0 53.577292494618334
49.0 49.43828208616699
32.0 32.90377998168175
26.175467479131854 26.0
179.0 179.41173086306307
17.579472767967033 17.0
0.7351935119927423 1.0
97.0 97.4750796483805
49.0492960515173 50.0
49.88275086435192 50.0
49.0 49.90987207938705
72.3655342340465 73.0
97.0 97.9099980879801
10.357563006617886 10.0
89.57310808534379 90.0
21.84986787934901 22.0
53.51008042700814 53.0
17.018737568849147 18.0
26.0 26.35422264672935
0.9262520945929946 0.0
48.0 47.393474403326934
26.052561463102876 26.0
25.02299378149673 26.0
17.49263478137257 17.0
111.12618705659834 112.0
112.0 111.48466259884081
26.0 25.562235524549337
89.0 89.88077160348706
89.7780482364593 90.0
72.8802842020338 73.0
50.0 49.41683337973266
72.12224382185991 72.0
100.0 99.00781024001367
179.48410684474197 180.0
3.3376750525519414 3.0
0.007900585349007505 1.0
49.0 49.372578064828076
4.0 3.4330693306204516
49.0 49.63518923538055
111.14585440019893 112.0
88.0 88.29921896935522
33.0 32.96218463456011
18.0 17.82998045554094
17.0 17.062980090863284
48.0 47.18465678086023
72.4154874537568 73.0
10.620362804780239 11.0
21.535246291691497 22.0
98.0 97.10761020658951
33.0 32.73762558196956
179.70406409441165 180.0
179.0 179.88671311302934
179.38424305968545 180.0
25.445663086164295 26.0
17.64085791578272 17.0
21.6796644280794 22.0
22.0 21.071498697307632
88.17517830242979 89.0
90.0 89.70268300441343
21.174167689523863 21.0
32.14678002006396 32.0
0.33279303336280286 0.0
97.0 97.37283678185202
90.0 89.96683866971198
26.246972214634518 27.0
26.593933383852757 27.0
89.0 89.73536847354637
21.0 21.843778118538488
10.0 10.75153344991843
33.0 32.69935673228207
112.0 111.62760891291202
0.09707999894579122 1.0
72.7991857275667 73.0
22.0 21.951778311258217
26.0 26.01147319437582
3.131077578918625 4.0
72.50662622773038 73.0
32.2524744529531 33.0
179.42570882804236 179.0
97.0 97.15632844272324
26.196543536488527 26.0
17.55280664191181 18.0
50.0 49.94459057228845
32.51533535314652 32.0
111.0 111.84971075934632
21.04803540360559 22.0
88.85745851960768 89.0
17.315052780980576 18.0
26.0 25.5654798376132
50.0 49.92399111675335
22.0 21.533110606338116
50.0 49.89694791610578
3.932735042253781 3.0
73.0 72.8205837889426
26.309038758372633 27.0
179.76261598602505 180.0
111.0 111.9067720998685
21.0 21.19178362476035
49.5318716493353 50.0
10.55760390992117 11.0
98.0 97.88269772011479
111.0 111.78891189602831
17.76358095495519 17.0
10.095444331533118 10.0
32.39131877864527 32.0
49.26829525944551 50.0
10.487749625433276 11.0
27.0 26.766593774758988
21.0 21.45617731192171
49.10145469404583 49.0
17.0 17.217770147493177
21.102311187484087 22.0
27.0 26.558779625298154
179.4283977368601 180.0
49.0 49.29077821208993
4.0 3.4297949385386284
48.0 47.028290882459416
111.52048576158943 112.0
22.0 21.446839796485143
10.637606936335784 11.0
3.0 3.356153309867656
26.971635708852933 27.0
17.813376950241736 17.0
25.292700321336532 25.0
89.15878081346946 89.0
18.0 17.149120232521117
97.50705079096484 98.0
25.85477030143591 26.0
73.0 72.81455309976029
1.0 0.34198055282239803
27.0 26.17312258328703
26.348010106068482 27.0
53.06835594535765 54.0
111.55786075052997 111.0
26.0 26.16260396207737
111.59289778163688 111.0
3.6059476519938185 4.0
49.72521562140276 50.0
26.0 25.137540091655914
89.3416045650744 90.0
27.0 26.29538913457652
32.89524609677279 33.0
97.35166513349793 97.0
50.0 49.71086570630174
10.522120193632428 11.0
179.8656336436932 180.0
17.0 17.829871316354403
27.0 26.100243718027098
111.0 111.83993870812449
98.0 97.46804828301849
7.0 7.606313348218118
48.0 47.69396288396005
72.71545308757102 73.0
89.0 89.9457817595721
33.0 32.731631667975655
17.983057471924308 18.0
72.0 72.3476586192909
25.601932682190075 26.0
32.66290106029214 33.0
112.0 111.84897591813343
72.09633122898161 73.0
32.81832246282126 32.0
179.0 179.43096116057146
89.0 89.82067634853458
0.0 0.27984123953154383
88.30323197203387 88.0
72.0 72.87698669465044
17.08116739382249 17.0
49.396476749443956 50.0
89.0 88.76734301528843
97.28373704784507 98.0
72.0 72.68274077071898
72.35190124328116 73.0
0.9315404671873552 0.0
26.14904028675473 26.0
179.35630314797913 180.0
89.0 88.3693222758412
33.0 32.94573171375726
21.0 21.081532414800048
49.55574325022143 49.0
26.0 26.433112929324263
47.756821555360446 47.0
21.0 21.706798181686395
180.0 179.58350277070204
98.0 97.21463601575438
32.811561283928214 33.0
97.0 97.5409181067141
72.0 72.39666057587387
26.0 25.940213608083337
97.50478597249254 97.0
89.0 89.46662066327107
21.0 21.55984757823237
179.0 179.66671220466995
3.664722088286742 4.0
90.0 89.69138377083505
179.0 179.1819000902959
26.743491657083013 27.0
32.98300893075291 32.0
22.0 21.28846412176394
32.5234607051806 33.0
3.0 3.754944192900491
88.04294493938085 88.0
49.0 49.32305254464993
32.76960111856154 32.0
53.78753773134422 54.0
49.0 49.511199822366265
49.83283301758681 50.0
54.0 53.119620355632115
32.30706375419918 32.0
3.0 3.4061337687793447
112.0 111.6954764884596
49.83136258454849 49.0
10.0 10.002030213061428
111.0 111.45101388843783
17.13833076373837 17.0
73.0 72.95012659993321
32.29336033939469 32.0
26.586607171718008 27.0
97.0 97.64196168106233
17.078278278498974 17.0
0.0 0.9163112197391452
32.268380798150076 32.0
49.62704029817691 49.0
17.917399064636097 18.0
27.0 26.510412008450015
90.0 89.80917361580505
26.0 25.15155607028607
50.0 49.96334292971449
50.0 49.02057923494217
26.0 26.756129135795575
49.0 49.8607631637624
179.0 179.87114015759425
50.0 49.26395957294015
17.0 17.210494639803986
89.0 88.45972264161118
32.78066124381176 33.0
22.0 21.849468636758044
26.936033814226946 26.0
21.530536481604912 21.0
26.0 26.63419385307888
49.06534340943291 50.0
49.0 49.34134835925129
100.0 99.18382421555997
111.0 111.86581064152864
22.0 21.835016944264503
89.0 89.93531187165098
179.413089803993 179.0
33.0 32.67331938828772
72.89048290437638 72.0
17.05537700357782 18.0
73.0 72.61020466616111
0.9860066393847107 1.0
49.0 49.46672890159958
17.0 17.8401340162842
49.227978731716156 50.0
89.0 89.59353037825373
179.8185731307697 180.0
179.66013566815292 180.0
21.0 21.251184298080098
111.0 111.15152949262878
18.0 17.41442818060027
111.37928222396745 111.0
48.0 47.9407152710964
72.7591344101499 72.0
17.413317863567382 18.0
73.0 72.10241998990071
89.0 89.53891844888844
49.6143146602002 49.0
7.663285189521809 7.0
111.6055205142217 112.0
50.0 49.53168388676246
27.0 26.535552486972957
49.77209987845276 49.0
73.0 72.03101039991361
99.95060978507055 100.0
27.0 26.62529706358485
32.98460750372643 32.0
17.0 17.694310785751576
72.0 72.05206541157986
21.0 21.21881578395845
72.74184048869104 73.0
26.650481448945737 27.0
179.97775665376946 179.0
10.0 10.01258903889078
26.248774502482767 27.0
47.73298006378793 48.0
26.181407830281437 27.0
27.0 26.277644901963413
72.1686399631223 73.0
72.0 72.52897901931196
179.5013080481088 179.0
72.75063397291919 73.0
17.75447684681433 17.0
97.0 97.99743024915388
49.0 49.60206833784462
7.0 7.7002201048228
49.0 49.58216750871593
21.712827037160643 21.0
17.540736687446714 17.0
32.522320201213326 32.0
180.0 179.18816690502143
1.0 0.7608247818433521
97.54239350556047 98.0
47.766607893566984 47.0
72.0 72.17113901314956
21.0 21.11716693443649
18.0 17.424020392445797
25.0 25.45871950775549
32.38014969705084 33.0
111.40805596876831 111.0
179.0 179.84508202370992
27.0 26.760732789645907
97.7046893556924 97.0
49.0 49.31176826968465
26.3434890125008 26.0
179.11744763418668 180.0
25.906689950525113 25.0
21.922264434890163 22.0
10.993333594413187 11.0
10.0 10.76253477960985
111.0 111.82964818890713
21.0 21.607219819622216
32.0 32.93481516108362
10.623624704774741 10.0
97.9891243311864 97.0
4.0 3.333365863882536
88.0 88.86396360047199
179.67484165221768 179.0
111.0 111.95578239716292
179.0 179.15910461893446
99.51295284594607 100.0
32.657850319705034 33.0
179.6740208560786 179.0
10.465877225034072 11.0
47.0 47.88547703461471
50.0 49.409592845500754
25.682153283770322 25.0
32.82304668382881 33.0
10.0 10.08314710453813
3.0 3.933778823009106
1.0 0.044466717155751456
21.372260871260323 22.0
18.0 17.422576718222917
22.0 21.629137852411905
89.0 89.27145594530529
17.802844176954498 18.0
21.471313399037832 21.0
49.60847948264241 50.0
17.179400514034366 18.0
33.0 32.556506374215466
89.26415253446811 89.0
0.40346698894040844 1.0
88.85971435146378 89.0
89.76604472190144 90.0
53.93933573153306 53.0
25.0 25.095789934405452
179.0 179.67183648589773
88.47539471678608 89.0
17.495069847374474 17.0
26.0 26.361226034790192
10.0 10.156368276153819
32.50526041822896 33.0
32.44406583951308 33.0
17.451383864703605 18.0
27.0 26.978480500443666
89.0 89.19681205608848
3.0 3.812248641661632
18.0 17.32823883327033
112.0 111.12102340142401
179.52971528018355 180.0
89.0 88.39264014400334
25.399161222179 26.0
88.0 88.87365110122941
33.0 32.70312599179149
26.3455988885535 27.0
89.0 89.66453371216666
21.506045301571064 22.0
50.0 49.49034173978843
72.61577259578083 72.0
3.9212556944256 3.0
88.34142354247528 88.0
10.441949936879727 10.0
49.90098211836959 49.0
49.0 49.4432186232421
49.82248309447928 49.0
1.0 0.7429721260138668
180.0 179.97259391892663
97.42765719048913 97.0
21.850187209850414 22.0
21.45586672907262 22.0
50.0 49.578747091926836
72.0 72.81518112521213
21.66405315305375 22.0
50.0 49.15820394312189
47.0 47.104180283116506
88.0 88.92446298175611
72.0 72.94204861640931
17.62591509473576 17.0
10.332631561056886 11.0
97.87888891851748 97.0
33.0 32.91949391933811
89.06411044759824 90.0
26.220625553069 27.0
88.13441335809863 89.0
50.0 49.901670318266426
53.241378550017224 54.0
179.32186448267342 180.0
72.73809536436937 72.0
49.0 49.59562996711097
18.0 17.231864903889065
89.0 89.67348441669148
17.817808531877393 18.0
33.0 32.48194452450677
10.0 10.449618812763962
90.0 89.77043642005418
7.826374661776973 8.0
88.16968605146387 88.0
98.0 97.63403019882647
26.0 26.361887487351265
97.37328354652601 98.0
21.0 21.174925951474073
72.0 72.86909153933794
27.0 26.301354429295863
97.0 97.60592656557017
11.0 10.509354386625432
53.24845521024728 54.0
98.0 97.7385953147193
112.0 111.0882030476148
26.904540233727243 26.0
73.0 72.3937577294348
3.7273846992175517 3.0
17.0 17.8172691128846
3.08075093534568 4.0
21.86075305168264 22.0
21.141179997767516 22.0
17.0 17.397774125757024
179.3084900878186 180.0
179.0 179.40726692476528
21.309421877449715 21.0
32.79154794560426 33.0
0.49412644415219886 0.0
72.50724031513246 73.0
89.03542049470201 89.0
21.23619637065698 22.0
49.1768936026815 50.0
72.5973306235539 73.0
17.770397623380795 18.0
99.0241163437924 99.0
21.224314185223538 21.0
179.4181033647715 180.0
111.22767193522984 112.0
53.76542721651075 54.0
1.0 0.5030504687746604
21.710809434100216 21.0
179.43038635097102 179.0
18.0 17.889613521272654
98.0 97.92333806524083
0.507359638174265 1.0
97.0604718308613 97.0
89.21889495070538 89.0
73.0 72.33279985933818
54.0 53.553411843100506
1.0 0.22579018117572336
89.0 89.75036831069367
21.520240873768692 21.0
179.45131741198443 180.0
97.71396888800639 97.0
25.0 25.27696348207805
17.24390449046092 18.0
97.13168959978067 98.0
21.622053644079624 21.0
89.09940718159896 90.0
73.0 72.11236149419177
21.36432730714801 21.0
21.797409335770578 22.0
21.24078504417176 22.0
179.0 179.3700416010713
180.0 179.13822223511818
179.52703059935126 179.0
25.463283224987887 25.0
97.3759175299114 97.0
88.0 88.20302562608302
25.547158036544246 26.0
21.944773208916143 22.0
89.2360180396864 89.0
17.47450857664088 17.0
26.363200776125524 26.0
11.0 10.61086461208164
21.08579737815904 21.0
21.0 21.648356609026465
21.66693571910087 22.0
33.0 32.38216951844745
88.8158100375344 89.0
88.25707455362172 88.0
17.305395036368868 17.0
26.369990252164406 27.0
112.0 111.15562902789272
26.0 25.799865607143413
3.0 3.696335919489526
49.0 49.005119000328406
98.0 97.7945818288459
17.0 17.288366880137882
72.33908697621128 73.0
49.0 49.213388509210915
17.057319622637262 17.0
48.0 47.01050133089877
49.0 49.08467355787903
72.35432506218272 73.0
90.0 89.58076590657618
47.240039054425594 47.0
90.0 89.73617254193213
21.42907171899629 22.0
49.422407565999016 50.0
32.30893811972356 32.0
3.011170285589305 3.0
7.830838267910178 8.0
26.005851554868787 27.0
25.251058162486988 26.0
97.54537336155845 97.0
180.0 179.01509109699145
97.23786620788769 97.0
97.12999576376899 97.0
99.50370197087419 99.0
89.32099930421236 89.0
98.0 97.72358536696694
1.0 0.4313671198165715
179.43427159072715 180.0
180.0 179.97085204806424
4.0 3.704419266068903
180.0 179.56271741937695
4.0 3.572095107613927
90.0 89.33554480689277
26.002923754225737 27.0
50.0 49.70112221293302
21.698984519505945 21.0
21.0 21.821244855103743
26.184640948116403 26.0
89.0 88.9542644259789
26.584197781882548 27.0
32.961849800563925 33.0
17.0 17.196943190868186
53.993365745804226 54.0
26.0 25.25950598672892
89.29382377458452 90.0
89.8550156618225 89.0
27.0 26.985623001584887
22.0 21.074651964280886
26.0 26.14041175689451
25.0 25.32687821270796
18.0 17.61226815125877
179.3431306747617 179.0
89.0 89.94059884670148
26.0 26.061558825027827
26.95424757245166 27.0
10.456535185476637 11.0
0.42304864144334975 1.0
53.13266559207223 53.0
89.0 89.96878671848593
26.0 26.866282450686043
21.0 21.609810310050186
49.01916052646288 50.0
21.237568398866173 21.0
21.064860850409662 22.0
7.208558303243802 7.0
21.07453363741139 22.0
17.752884388464917 17.0
27.0 26.367482469829206
49.796550023545755 49.0
111.58917882915209 112.0
27.0 26.01044160776184
49.91362105828607 49.0
32.0 32.60926379930821
97.0 97.98993711508392
90.0 89.2613864886897
0.3915139650875492 1.0
49.0 49.928690762859546
72.38239099395649 73.0
7.641057505258292 8.0
179.0 179.97376471941018
72.0 72.15731200522941
26.958113373753854 26.0
73.0 72.00304250652998
49.95844478153747 49.0
26.0 26.02868830425982
47.0 47.91157241664243
72.37446484755876 73.0
180.0 179.7095814743189
49.53456389955033 49.0
97.45692976782475 98.0
32.32837927206624 32.0
99.09321090915263 100.0
89.0 88.93861649602168
180.0 179.04899051702535
50.0 49.01652808193976
26.0 26.422591796856242
25.78697085092324 26.0
49.34097134010126 50.0
112.0 111.89234725130812
26.217821045330435 26.0
17.74188166318623 18.0
111.77647085382362 111.0
3.311368464486611 3.0
72.0 72.15803142569327
10.570099594547669 10.0
89.88145355874872 90.0
89.60822594979345 90.0
47.512114766183124 48.0
26.0 25.179987466647408
88.0 88.28583252561603
89.76003268391473 90.0
32.19237241462784 33.0
10.0 10.031305966328228
112.0 111.66606140676909
49.61330619441122 49.0
22.0 21.283182417690895
180.0 179.21301468389007
21.62133745306186 22.0
7.483901696116398 8.0
89.25498977046377 90.0
179.89092502144533 180.0
21.0 21.680445670542444
47.9799649641715 48.0
26.0 25.192807153176048
97.12564761165649 98.0
97.51737335955757 98.0
17.370690896473498 18.0
88.30111928236532 89.0
111.34959724855547 111.0
111.37556568049736 111.0
49.0 49.35449146728676
98.0 97.86157716011549
47.0 47.40622204402667
72.0 72.01382217005005
72.0 72.67240534091229
179.9567861891849 179.0
11.0 10.237529069877503
50.0 49.8465137017934
7.639499500532547 7.0
47.631804421036385 48.0
111.06064981071778 112.0
50.0 49.0653355007653
47.49412810215028 48.0
49.077712013894946 50.0
22.0 21.434958273739685
50.0 49.17489829637868
25.124102355218145 26.0
32.73102421315872 33.0
49.0 49.221259705899186
179.0 179.5146147846907
50.0 49.30750729743383
47.0 47.31112570901493
50.0 49.90610286784504
22.0 21.562823757190973
72.0 72.51234497067162
26.0 26.557827904559858
89.0 89.29452243422962
88.90681636492577 88.0
0.2385799441652695 1.0
26.33771143014514 27.0
21.59197274516408 22.0
32.79403619717656 33.0
72.58215978625772 72.0
26.963778945858248 26.0
97.0 97.74387383194926
88.46878756351852 89.0
26.5483779582437 26.0
26.0 26.683293085694594
49.31852498127456 50.0
179.3648345617697 180.0
27.0 26.97874790154367
4.0 3.935612435572543
17.000969489814153 18.0
89.0 88.49416184930134
3.0 3.6313558963139165
179.27259142863088 179.0
49.662025060366034 49.0
18.0 17.42941011162395
17.0 17.897561230567735
50.0 49.3377729015934
7.0 7.22152861006969
17.665978523099685 18.0
49.21390764858909 50.0
97.56973061839163 97.0
88.09686688848412 88.0
10.161298210449049 10.0
179.98016368781674 180.0
179.2022819515142 180.0
89.0 88.14671518471378
49.0 49.294326628143246
10.498509808883245 11.0
50.0 49.781311370895835
26.44719328042437 27.0
25.0 25.747761232456174
97.78928434660023 98.0
49.02880022381168 50.0
3.017907574844742 4.0
88.0 88.98000338662472
21.73242769222497 21.0
97.0944201395046 97.0
18.0 17.795758998822873
0.728365476119248 0.0
1.0 0.7865319182056131
26.589335992789255 27.0
17.0 17.92194607754874
73.0 72.431513595966
26.83612953925097 27.0
179.4391183145669 180.0
11.0 10.887544375022882
72.0 72.99460467055596
97.79140768316452 98.0
21.462955208910202 22.0
72.0 72.92531791158031
17.0 17.04620744352609
111.84962346052693 111.0
179.16542260452212 180.0
27.0 26.15553644172767
33.0 32.09159776179104
21.0 21.874500465171142
72.0 72.30313766400134
50.0 49.78191356227625
73.0 72.05526354430579
21.511193454681475 22.0
180.0 179.8194684303673
53.0 53.20083174674471
179.0 179.42363424099955
4.0 3.246769934855006
3.0 3.607793242393693
49.0 49.74063420953091
4.0 3.541315435650665
47.0 47.15378976164435
49.87736756072416 50.0
26.608860376804365 26.0
111.30118885000259 111.0
72.0 72.22604720154517
32.31362224241059 32.0
25.0 25.629483774129163
72.14615876490052 72.0
17.36302583820658 18.0
73.0 72.7546881605941
111.42079362800267 112.0
88.0 88.48692254225887
111.0 111.56993719116313
48.0 47.43038096395711
21.74129580757559 21.0
10.591669816165128 10.0
32.3617168267042 33.0
49.2259200303296 50.0
97.0 97.50263935449846
26.284947509225205 26.0
49.5723064489642 49.0
88.14497984665199 89.0
32.0 32.15849399938511
32.248708430031556 32.0
72.24833737497305 73.0
72.0 72.13164297480797
21.66850353803108 21.0
17.189391212234252 18.0
10.392855056799458 10.0
21.376955671793834 22.0
53.367190452062594 54.0
179.90914551282196 179.0
3.4364760523132087 4.0
97.66914590157884 97.0
22.0 21.712850235536163
50.0 49.8888113330118
49.42619661632506 49.0
88.0 88.06518420392622
89.70787452400609 90.0
3.9231454885243737 3.0
26.83932704065944 26.0
17.0 17.405241531214823
89.05023842884951 90.0
111.0 111.55272645048409
72.10841900217952 72.0
49.0 49.70591061044479
26.0 26.966165086876945
18.0 17.19289122367262
89.93860304964197 90.0
50.0 49.283951555432715
180.0 179.1740354495365
26.647615784579845 27.0
179.84111892556948 180.0
72.07784998908777 72.0
180.0 179.86022515502236
27.0 26.162723739272856
99.0 99.54490400986091
25.0 25.150659128983932
18.0 17.32359423967234
17.0 17.512483397070646
180.0 179.50968703517032
179.05248925486018 180.0
112.0 111.56188551314331
97.35996780764555 97.0
32.0 32.33294450352822
179.0 179.35598399003186
32.521015623026045 32.0
73.0 72.30345073960198
26.885553513026696 26.0
32.0 32.29191991926526
27.0 26.15964528976053
72.0326364920989 73.0
25.230470282720553 25.0
73.0 72.22726783849188
26.0 25.451296781857142
26.88782753223677 26.0
53.12034760660723 53.0
26.80316884770506 27.0
98.0 97.76442607576257
32.56262982966519 33.0
17.22129859076826 17.0
90.0 89.69574104492888
180.0 179.11953561876197
112.0 111.22800933817882
49.0 49.44206843841516
100.0 99.28425139332548
88.0 88.0898023323758
17.58745951619452 17.0
72.0 72.20891496013257
32.03233971338186 33.0
72.42902680343911 72.0
21.46731116988302 21.0
111.0 111.11240536522051
179.53088722353405 180.0
97.78811642238641 97.0
32.13486241570426 33.0
179.5977076453996 179.0
111.50059977436433 112.0
26.53586146826897 27.0
180.0 179.09440166761894
25.0 25.983308855574414
111.40989607951282 111.0
72.0 72.70698046504374
90.0 89.25937970559414
11.0 10.287854962497018
179.87509787435926 180.0
10.0 10.833048420447383
179.0 179.6020652395584
26.0 26.576912820122015
53.684550271915946 54.0
88.06789004013471 88.0
26.0 26.00333567895837
88.0 88.89903024998394
88.98428909753032 89.0
49.53528469097901 49.0
32.0 32.875940878181304
21.58134516749761 21.0
10.0 10.381748908811275
17.849785243461106 18.0
4.0 3.3912464077838855
3.9219370504306106 4.0
22.0 21.346673179638746
72.0 72.27874829546062
26.364548149324957 26.0
26.0 25.358787443395766
179.39888326958234 180.0
10.0 10.258721002497486
50.0 49.616077599631915
89.70472406836917 90.0
26.0 26.475831946747025
17.44186368761658 18.0
26.0 26.2241137209674
17.0 17.50366773528326
49.93923559377934 50.0
49.0 49.04157683986104
89.0 88.06103648844883
112.0 111.80042323596749
73.0 72.01289778067543
27.0 26.720896927155717
3.0 3.798229154656611
90.0 89.64056960674453
72.0 72.32332210577238
97.45424722118037 98.0
49.74922701363161 49.0
111.0 111.16342643594571
49.553760700458106 50.0
18.0 17.033348548493294
72.0 72.63345540087424
21.0 21.937509578393236
32.0 32.086745788085075
50.0 49.14513300326584
49.0 49.694350564868806
26.0 26.64863885112763
97.02718662073536 98.0
73.0 72.91812322059856
72.3757640085333 73.0
7.497626755712776 8.0
10.40199737672192 10.0
89.96805761323384 89.0
17.0317962972722 17.0
47.77534430258472 48.0
21.0 21.96474744333825
21.724791453237188 22.0
88.63163244095809 89.0
73.0 72.41741691677761
89.0 89.42909893957652
3.062906775958037 4.0
21.0 21.586270004703415
72.0 72.35078686624098
49.0 49.26633764778103
72.94660706943662 73.0
21.013859255915023 21.0
49.42168904898581 49.0
21.61460356509709 22.0
97.8856503886234 98.0
180.0 179.83269545741598
18.0 17.48332373874451
27.0 26.42573439233467
73.0 72.87123430539745
97.0147080530108 98.0
22.0 21.383116495371343
98.0 97.56133000979186
49.0 49.66911266815737
88.31882305832006 89.0
10.6082058630797 10.0
72.50663445742556 73.0
72.0 72.83141296390043
72.29661680145854 73.0
88.0 88.80376146697289
21.50724066631282 21.0
21.0 21.252529757605163
50.0 49.32245493081043
49.0 49.14285286568666
49.13336077319789 49.0
49.03471070480747 49.0
26.075575509135355 27.0
179.0 179.69755689318418
21.06638201300303 21.0
1.0 0.2920018123987982
22.0 21.99518197291638
49.51101937676727 50.0
89.98885658007345 90.0
72.0 72.99435240966123
50.0 49.68020283135542
97.797381618396 98.0
72.6260281136785 73.0
180.0 179.78616512415005
111.67137868756382 111.0
88.54270168569316 89.0
47.01138197676532 47.0
26.63215212896646 26.0
17.0 17.004094264237825
49.35940365054265 49.0
25.216796406893106 25.0
10.40073965568818 10.0
21.06195927206169 21.0
72.9874003154254 73.0
72.0 72.85122238265056
21.0 21.085313582236928
3.1281066382772904 4.0
10.972376913873939 10.0
89.32006904021883 89.0
26.0 26.52287828191119
47.0 47.79004613099806
89.14737901788763 90.0
21.970476359446707 22.0
27.0 26.959441839364633
3.0 3.6785835176920862
179.0 179.4013139677086
26.42765661448793 27.0
50.0 49.90881903429108
33.0 32.74757131817997
26.0 25.349393367137125
10.660023398771221 10.0
0.08904613635370162 1.0
112.0 111.72178896731631
8.0 7.085709020442992
21.855941110170182 21.0
27.0 26.669183349069648
27.0 26.73121346825041
3.81426735581191 4.0
179.0 179.11893162152003
49.33824659494882 50.0
27.0 26.469232030184457
26.04560615436745 26.0
53.167451402438836 53.0
49.0 49.225333681804294
50.0 49.58429469804625
26.416462015776357 27.0
98.0 97.95406289196329
26.0 26.067047253011467
26.0 26.27622891832063
3.4425578219865836 4.0
17.6286744791355 17.0
88.0 88.77609812113334
49.760107719890634 49.0
90.0 89.50536043489655
179.46308977936792 180.0
48.0 47.93162284322741
26.0 26.87139066261705
27.0 26.35009384476872
26.45954060380768 27.0
180.0 179.15134384702296
90.0 89.32145339567172
0.9343219313987642 0.0
90.0 89.70908450420018
97.25018399775324 97.0
32.875567389309765 32.0
33.0 32.280516520369694
22.0 21.483575362073655
25.0 25.816281434052065
88.36362048974843 88.0
27.0 26.37225444233824
97.28917402773172 98.0
17.0 17.45471366248338
89.9464929363668 89.0
17.0 17.071229430573545
32.26043865135995 33.0
25.917917884020543 26.0
89.53809712470225 89.0
22.0 21.28825168179727
10.322866323091752 10.0
47.0 47.22718290167628
179.43307467194626 180.0
25.0 25.403859725879485
21.86981971143203 22.0
21.71797368266326 21.0
21.0 21.051083616684622
4.0 3.7186661830120284
97.86171383919582 97.0
179.59107747597534 180.0
0.1686291041214215 1.0
49.956023897265126 49.0
7.0 7.332440615320789
50.0 49.340450559730556
88.97893395675293 88.0
3.0 3.5634080240395822
1.0 0.6823939017293487
98.0 97.26392708361801
72.0 72.03048332860175
89.59936292285187 90.0
89.33448498959606 90.0
26.414944282998345 27.0
21.0 21.079588364120955
72.0 72.46350130434513
72.0 72.86574351431007
98.0 97.90408103190941
27.0 26.87877100682294
26.0 26.523212657525665
21.878272441163418 22.0
72.207036218302 72.0
97.0 97.13325342655189
89.0 89.69624845943464
26.124690356837345 26.0
179.29491483299984 179.0
89.45313680723801 90.0
100.0 99.8838201660746
112.0 111.79793846334336
21.0 21.769297954937578
50.0 49.82618763465113
26.15294330561208 26.0
11.0 10.580140738337542
72.22249413274655 72.0
49.7422753490311 49.0
17.0 17.561789403883516
112.0 111.531271914613
72.263250057338 72.0
179.8836600085259 180.0
27.0 26.541881369376863
10.609370184933464 11.0
3.0316391014135253 4.0
22.0 21.968215817136187
179.36601494535867 179.0
10.226742166052452 10.0
72.0 72.50596287097427
49.151127124050596 50.0
0.3945192011635891 0.0
54.0 53.77988909527485
73.0 72.93935796468324
49.0 49.951547982555724
98.0 97.86439995548557
97.13129338707157 97.0
26.51095773245898 27.0
18.0 17.25031100405709
26.603845837974113 26.0
21.0 21.722681642092
49.0 49.847904929581624
111.74469794404341 112.0
26.0 26.458706918134894
49.0 49.61085672306307
49.00900544151978 50.0
97.0 97.03437856138454
50.0 49.78261691201012
10.228789679290317 11.0
26.0 26.692983173635312
33.0 32.41938501487454
89.35331136607122 90.0
89.0 88.99798742034147
180.0 179.43049431035402
10.0 10.58975742206545
25.645871284986967 25.0
72.0 72.90400956386362
27.0 26.812850028640344
25.0 25.38823780469224
26.60769488226602 26.0
53.0 53.23105642895903
53.75885486534128 54.0
25.9716223767116 26.0
49.69835127874629 50.0
73.0 72.29095972359964
32.12568455589857 33.0
0.0 0.2869532358625204
21.566985486211706 22.0
112.0 111.99081899021391
54.0 53.73954950836224
90.0 89.30636350031662
10.209815777532048 11.0
1.0 0.24912491647616097
32.29880583197793 33.0
49.90316153265026 50.0
27.0 26.57821902601878
17.0 17.176887660799764
25.859364136087486 26.0
32.67603078453901 32.0
0.7675548755234243 0.0
33.0 32.69165684507283
18.0 17.62660029676804
26.0 26.932672695290478
49.69236486234979 50.0
73.0 72.29890208084643
33.0 32.06237583823061
17.16996348292397 17.0
27.0 26.060107587715407
32.19217478144035 32.0
53.606881813815384 54.0
21.498041132514583 21.0
26.680326911444343 27.0
21.612314003941293 21.0
25.0 25.75452694472738
72.0 72.59461218154772
25.06729138288415 26.0
88.87312215514893 89.0
3.038873889857509 4.0
49.0 49.56550700752863
26.52451171548989 26.0
179.02723853511174 179.0
89.0 88.69657240488016
10.4098440682866 10.0
21.66887688562095 21.0
53.26796965994144 53.0
17.335373410925595 17.0
32.60278500128679 32.0
112.0 111.12502560996907
0.6598471190002344 0.0
179.0 179.6246303285956
49.9568840814352 50.0
26.0 25.967712135480934
18.0 17.168186782639864
49.69034552131642 49.0
26.72399835319358 27.0
25.423865904562533 25.0
11.0 10.110849226841797
10.0 10.83965714497693
97.3041792155656 98.0
17.50562958091137 17.0
47.02348774675557 47.0
10.82005744217793 10.0
11.0 10.192595341226484
179.83375799279597 180.0
100.0 99.87231480371261
26.0 25.51830443881533
73.0 72.19593641522683
73.0 72.06361009040137
26.460606561032236 26.0
179.0 179.5210218013159
53.0 53.43816958644769
179.0 179.5561968392446
26.750580024591343 26.0
89.8413910112559 90.0
17.609978671813543 18.0
180.0 179.1968265402297
50.0 49.29137163598623
32.01677533424487 33.0
88.14463361474048 88.0
4.0 3.519286063521405
21.0 21.21393715131863
49.768220777059504 50.0
98.0 97.09299088798798
26.0 25.57410236216931
3.3077720266816266 3.0
49.0 49.58825322689479
27.0 26.151132331870738
50.0 49.82881924595508
97.0 97.368871928637
179.0 179.80590206149066
32.268411993141534 33.0
0.0 0.44414795415608044
18.0 17.512318823271954
25.916473913860735 26.0
3.0 3.201798072186481
88.14514094100994 88.0
97.0 97.26333078267231
32.512539834431415 32.0
21.05372125079924 22.0
112.0 111.65783479836469
72.0 72.08321561943637
72.68438399489017 73.0
50.0 49.388175308714814
10.895097086937657 11.0
1.0 0.6155063506898446
27.0 26.575981336338202
27.0 26.975869108856077
3.0 3.7650935624114203
10.0 10.365315790189584
26.0 26.72294772874824
21.01676126322919 21.0
179.434672686052 179.0
26.130714336446985 26.0
21.088380129256237 22.0
25.348780907731232 26.0
0.03987554598313592 0.0
88.0 88.58641776019797
47.988157523233944 48.0
10.48749262468289 10.0
21.683821149786677 22.0
32.258428566313825 33.0
111.0 111.99722224541776
33.0 32.90090687128947
98.0 97.78840782260951
17.504454408430433 18.0
73.0 72.80232824975116
97.89718627423746 97.0
90.0 89.91382155010051
3.888637180746365 4.0
49.14047810138856 50.0
33.0 32.653077635226985
26.0 26.43514887514474
11.0 10.821929331750507
17.351578338547046 18.0
32.36166332463065 33.0
97.0 97.27513714170657
10.182941074480889 11.0
72.18789283688079 73.0
3.694214855505403 3.0
32.0 32.593185992251165
180.0 179.824403369762
179.7434592304653 179.0
97.61366863490026 98.0
49.153972978542924 49.0
26.89420268272693 26.0
0.0 0.7635554243435081
49.82416016381705 50.0
72.46287898747981 73.0
111.15024034772553 112.0
89.0 88.04055439153474
17.0 17.559280149237146
97.88541031230872 98.0
89.0 89.94320866032976
8.0 7.470844738529611
179.0 179.3747646819545
53.0 53.2863025646602
179.0 179.18206950797662
54.0 53.23946896232629
25.854807442582306 26.0
26.417825950362044 27.0
26.0 26.386716390258737
72.56191514087358 72.0
49.0 49.040885015291266
21.885583674436532 21.0
25.4525880652109 26.0
180.0 179.67419961522808
0.0 0.20598233981237168
112.0 111.20359482820209
111.57389848977982 111.0
17.0 17.015017843979408
111.1372560516578 111.0
26.0 26.02449468809938
17.771016816636745 17.0
17.334237207661072 18.0
180.0 179.64379900644562
89.0 89.29351438792875
21.53744393711567 21.0
26.296554193209882 26.0
0.0 0.03906379352921019
179.470672029186 180.0
88.18344340894137 89.0
49.19879149726162 50.0
10.508579558646588 11.0
18.0 17.449463535557104
33.0 32.91085518926487
26.778453178107345 26.0
25.058167290109502 26.0
3.0 3.1969350711052957
10.0 10.276121478200448
49.94910426016829 50.0
73.0 72.46462800613199
17.0 17.3514188174114
3.632710646023684 3.0
179.0 179.48506832756863
26.0 26.47782911252216
26.0 26.721208853679478
111.4032134897464 111.0
72.60709260910221 72.0
0.4926195206321734 1.0
72.0 72.59487012667728
48.0 47.44474961459165
32.0 32.15678023809014
18.0 17.511432631400325
73.0 72.62551223075441
72.9889533484838 72.0
17.0 17.63560224504001
26.61873020577183 27.0
27.0 26.399749784228415
21.769758329255648 21.0
179.66902271145335 180.0
179.71419226374456 179.0
111.0 111.15800371345574
100.0 99.11167485046097
179.50090486246052 180.0
32.08398072695827 32.0
0.5269092890784561 0.0
22.0 21.684223860017994
49.35132493025532 50.0
26.747910189803676 26.0
54.0 53.53479836066474
17.73816285223117 18.0
97.88007622947507 98.0
17.340072231142592 17.0
97.4337566947464 98.0
179.0 179.2959904339385
89.56372789626299 90.0
21.0 21.336988188822136
179.85699042277963 180.0
89.96648137520833 89.0
179.0 179.02377828649037
112.0 111.022704575044
89.0 89.05126117817018
48.0 47.00543115909282
32.12581251301085 32.0
21.492771723415945 21.0
97.23303845875532 98.0
11.0 10.320088577303942
21.0 21.609591715455778
26.41806241986174 26.0
3.29121836767458 4.0
47.15871541417091 47.0
97.86108328674938 97.0
25.302486442332278 26.0
26.0 26.798372779262174
26.68501784191322 27.0
54.0 53.418615112026686
10.562308725794315 10.0
50.0 49.19636407457906
49.99142781604216 50.0
25.1105344422092 26.0
49.92882378578906 50.0
100.0 99.99121946146579
97.31775793755794 98.0
33.0 32.65665691092362
89.0 88.93991063531351
0.0 0.28031158131849665
180.0 179.04592398549437
88.96843123248375 88.0
25.0 25.061321132044085
17.182765966292198 17.0
73.0 72.8931500434411
10.0 10.508900089165643
25.65496204133657 25.0
47.31168507025285 47.0
89.0 89.82188490661542
26.0 25.990533130215788
111.0 111.81793093081842
49.07128904201593 49.0
33.0 32.893760521300955
17.11056950999359 17.0
26.0 26.636155110428156
32.459903962541325 33.0
111.17073995921383 112.0
112.0 111.53019128874763
89.47759140595235 89.0
47.64090344979051 48.0
32.54390074770283 33.0
53.0 53.289705318155214
10.0 10.394320193770959
17.0 17.65017087029014
72.12048334436314 72.0
111.75383467838438 111.0
26.4229352386723 27.0
22.0 21.71779663405618
112.0 111.04453506705555
53.0 53.95698374367224
179.9570749169502 179.0
17.372443943696883 18.0
50.0 49.2924237026461
89.38528272243747 89.0
10.998013505162564 10.0
17.0 17.39766974189514
179.45224258896954 179.0
21.112828083691 22.0
17.0 17.890692071766356
32.884850295574374 33.0
48.0 47.09770853647713
179.80770709051123 180.0
98.0 97.03082052656762
21.21208491149471 22.0
49.0 49.97701521405136
26.04769725713888 26.0
90.0 89.20707647276132
21.235167389453213 22.0
49.0 49.78416656437313
17.144132513635483 18.0
89.54348193108773 89.0
72.71645365062535 73.0
111.0 111.86430617289942
72.91484417178468 72.0
111.0 111.59623361293217
3.569218313783409 4.0
0.0 0.8713164641861595
89.76493390403971 90.0
89.0 88.92344426674705
25.125066199985632 26.0
49.80919751792976 49.0
72.0 72.49794441562366
72.0 72.16037418443518
25.65924665458952 25.0
111.44520629869818 111.0
112.0 111.65465579835207
21.0 21.50650203152758
3.7794409389201054 4.0
17.162401191965575 18.0
32.57171848305018 32.0
21.0 21.769526437120906
72.0 72.03472808182711
88.0 88.87121642191164
17.615788789810402 18.0
97.09717599238529 97.0
21.331171469276065 22.0
90.0 89.91573502777092
17.48546893346686 18.0
22.0 21.377150211449845
49.29830470533115 50.0
72.41001726613176 72.0
72.63076958829633 72.0
8.0 7.708632383714169
72.78570733113924 72.0
10.0 10.413894138963308
26.901513308386626 27.0
49.2496273115672 49.0
47.04092486038625 48.0
17.0 17.731075273619716
89.0 89.46084087221672
99.58492027926751 100.0
89.17773190627844 90.0
180.0 179.61803809550983
179.40799790627264 179.0
1.0 0.9335192928569755
88.0 88.95023138372763
26.0 26.024595337477194
89.26239958017169 89.0
17.71454698256438 17.0
89.0 88.64203021831042
17.0 17.472628776829318
97.9877687644379 98.0
21.62651860718266 22.0
89.41760824239623 89.0
47.98098887859097 48.0
10.029063221941358 11.0
49.0 49.291000635248274
26.96912768192453 26.0
53.0 53.07096281179397
179.06954231157033 179.0
49.0 49.2851087930254
111.76881512216502 112.0
17.46857133484838 18.0
49.0 49.432734734043194
26.097219104344536 27.0
26.44326582469705 27.0
49.86475661424091 50.0
21.0 21.528857013636333
26.0 25.306074356456595
88.38281569425331 89.0
10.0 10.840616580910838
49.0 49.33050902333947
27.0 26.84368079718987
18.0 17.57213326334182
25.0 25.762526179006162
49.9555469948899 49.0
180.0 179.06294638426326
49.49363437073736 49.0
18.0 17.157557596621054
0.32974521469096874 1.0
18.0 17.961453360590596
72.0 72.6783258686314
89.0 88.31945456651785
89.01864787197788 90.0
49.76293675878168 50.0
26.95671043145267 27.0
72.0 72.6489307885393
25.772443947984655 25.0
49.0 49.128699111048206
111.0 111.1109225505617
3.0 3.001150931849133
25.41392966589759 26.0
3.0 3.6272015922818697
88.90695271590192 88.0
26.0 26.966059558518708
10.141871647818768 11.0
26.0 26.12834385131044
90.0 89.33077121194859
50.0 49.15879938755485
27.0 26.022529230129155
17.40542205201913 18.0
72.5730873417242 72.0
50.0 49.06481594768919
73.0 72.25817988022206
97.0 97.55245598194365
89.7217928504894 89.0
17.0 17.40081075569949
17.898159272086563 18.0
32.0 32.522979994966484
49.0 49.073428600713775
33.0 32.96018595213367
32.75848173817798 33.0
26.52598923795762 27.0
26.626868406566253 27.0
179.0 179.66120870745777
25.0 25.51355654583094
26.004207776014155 27.0
111.0 111.67538512250573
26.616510883943235 26.0
72.0 72.45702360373079
32.616739634705915 33.0
97.0 97.11981333114304
21.01864153440072 21.0
50.0 49.45652197913093
50.0 49.22320716857731
72.0 72.61168022010014
179.0 179.3811260026417
32.0 32.59312648490085
33.0 32.431746926566674
1.0 0.07299575912597
111.1280175267687 112.0
50.0 49.974674594820485
26.373373166836533 26.0
73.0 72.15417703943086
21.703861601995456 22.0
11.0 10.778893611502697
17.75230992964226 18.0
17.240667519171907 18.0
26.188781898033888 26.0
32.140735082277295 33.0
10.0 10.308166854843856
49.0 49.13735769745838
88.0 88.58756873458009
32.187395837254606 33.0
180.0 179.81354230687128
89.74879116206934 90.0
179.21302870117754 179.0
47.0 47.83620843730009
179.63893929849476 179.0
99.77560112229185 99.0
73.0 72.84785186672961
111.0 111.71950890907185
53.0 53.461092222201735
18.0 17.4545865209502
50.0 49.83060919521551
179.51462749081 180.0
49.71496423314919 50.0
17.293978955524484 18.0
3.0 3.5019872856578576
88.24166193193375 89.0
179.14800509804917 179.0
111.98999929188389 111.0
49.0 49.38931933597689
1.0 0.621510473777294
49.0 49.20997634278216
33.0 32.7142771414467
53.0 53.70001788550102
72.0 72.41399929197527
0.43647121395529476 0.0
49.91301264683333 49.0
49.81097869976992 50.0
49.0 49.024278250548996
3.3282136035432313 4.0
22.0 21.390313196416116
32.0 32.538597107212475
7.0 7.7803025790905975
97.15058487919516 97.0
180.0 179.06550238049618
21.0 21.846383350244714
21.136725073091025 21.0
111.73179343957807 112.0
50.0 49.74873935620482
1.0 0.9823200121618364
0.0 0.2093837498599107
50.0 49.71341136812652
49.27593683502263 49.0
25.347246131713355 25.0
26.0 25.35867914308766
21.754239001907166 22.0
73.0 72.88759380170796
89.5930527330465 90.0
97.67184803797647 97.0
89.0 89.36646938704683
21.0 21.520291955516868
18.0 17.1270087798492
88.0 88.9867043331712
97.62021059987963 98.0
18.0 17.92696263177333
0.0 0.2908248797800753
32.092570423501876 33.0
49.61377775856487 49.0
180.0 179.16328234335757
179.0 179.54040239902025
10.397030059168838 10.0
111.20618095259854 111.0
97.57440038066306 98.0
10.272707089569844 11.0
47.95053281100834 47.0
50.0 49.325337644789556
17.0 17.913016578963568
89.0 88.44532668846543
26.420333700158555 26.0
21.441385148389006 22.0
111.23086968001539 111.0
10.0 10.924517060300358
111.0 111.0739315287372
21.09346432060509 22.0
10.0 10.139846032929114
72.0 72.95830244609334
21.0 21.723990250565176
26.053140039545614 26.0
72.89159940895847 72.0
4.0 3.257377717663832
73.0 72.238434466433
53.63077650984306 54.0
0.9458374035238866 1.0
21.0 21.09108985972751
49.0 49.969050144349545
98.0 97.59627648854074
17.45690286636983 18.0
27.0 26.990422088783166
73.0 72.03857079385739
99.8187387523372 100.0
88.0 88.69824135265773
32.61486560011639 33.0
17.0 17.53201930084637
72.15953223958823 72.0
72.0 72.20162133798767
89.73484547666192 89.0
22.0 21.777693368778703
90.0 89.65531889789534
10.750855075818146 11.0
27.0 26.64076917112525
22.0 21.775619578441205
53.0 53.7539903403114
21.98700033841949 22.0
53.08901689406897 53.0
180.0 179.8547081245544
88.0 88.7093837645967
73.0 72.19030402962049
180.0 179.4764068158295
179.0 179.05632586567475
111.25482195990236 112.0
89.84825729314966 90.0
1.0 0.1443614369258045
10.734468142428836 11.0
112.0 111.8774494152647
32.130566511976 33.0
26.357803490332937 26.0
10.715203942340416 11.0
26.0 25.632997100694435
32.459233170254244 32.0
179.0265089167794 180.0
3.532723395910182 4.0
49.522933775936934 50.0
49.298864857727715 50.0
49.0 49.7446527757559
99.23270682689899 99.0
3.0 3.6333939222766114
112.0 111.02961180377861
49.0 49.60267493004084
179.5906216940921 179.0
89.0 88.98076051450414
26.27859452193929 26.0
179.22712890407064 180.0
32.0 32.28782188712296
111.35143920925182 111.0
18.0 17.778255447047492
17.464512471763836 17.0
47.367689092324795 47.0
89.0 88.79947050101288
17.65374585731211 18.0
32.0 32.05458806472984
73.0 72.8782336752626
111.14197306237075 111.0
21.0 21.79452336050474
25.06501031699924 25.0
26.29810689903777 26.0
25.0 25.55665464781939
26.32329747538668 26.0
18.0 17.386094208323573
26.18506986372969 26.0
18.0 17.007334981456953
18.0 17.292121866128454
89.15060079339463 89.0
179.0 179.70798417523042
21.0 21.559514394963063
49.57002208886016 50.0
22.0 21.494086304555708
99.0 99.28480657400706
21.668826012021665 22.0
49.79874419107758 49.0
89.0 88.29552716556942
49.46022891688226 50.0
3.7911916416474947 4.0
21.20834757406923 21.0
22.0 21.90195205247335
179.88774212989716 180.0
97.0 97.04677484093611
21.031077681476724 22.0
26.0 26.17224999996882
32.5308918678228 32.0
10.601543093279151 10.0
89.65578743692056 90.0
111.0500945231476 112.0
18.0 17.923320842562806
88.0 88.00082828380147
17.27597456763764 17.0
17.0 17.910790068438843
47.0 47.85801636665559
21.613142639491013 22.0
3.9317269938033355 3.0
49.0 49.7592040814674
25.388360495275705 26.0
111.03383766050993 111.0
27.0 26.034749134001235
0.4949016581775185 1.0
47.81094807164563 47.0
22.0 21.57555379208324
3.0 3.3284443990813948
88.17642459582831 89.0
26.066061901109446 27.0
0.0 0.8752997562273162
112.0 111.28158588115122
179.87658037965898 180.0
26.0 26.20658725396734
89.0 89.48826681224489
21.150829196580542 21.0
3.6939123757518977 4.0
50.0 49.30353621465181
179.0 179.33460464790232
112.0 111.94680120982923
11.0 10.512636922172186
26.0 25.723982841461936
111.83150674761947 112.0
0.03681262252961859 1.0
27.0 26.49178707795182
47.632590737840864 47.0
97.68384900531841 97.0
22.0 21.365713307206285
72.31759353952808 72.0
111.13189508321187 111.0
97.50913435912699 97.0
32.32904084916407 33.0
21.0 21.15233836931957
26.948869904491538 26.0
0.0 0.11530789583710643
26.0 25.88064681882979
11.0 10.411493375943195
111.59080189987449 111.0
111.0 111.67275472330068
99.89115190361672 100.0
4.0 3.1594336190504544
26.0 26.80856844360474
97.37095202352414 98.0
0.5206352905639628 0.0
97.748859059921 97.0
89.08019919160107 89.0
179.66277853581008 180.0
26.457242166869328 27.0
89.46707806534191 89.0
0.655479627600194 1.0
53.170632779607146 53.0
50.0 49.55549517056075
49.59535611368955 50.0
26.064037781511225 27.0
33.0 32.052292229272794
26.0 26.246257095390643
111.1209955145035 112.0
111.0 111.21418203068455
47.485824805875986 47.0
89.4933703639698 89.0
0.9331200168480462 1.0
179.0359863356558 179.0
21.161769544743443 22.0
72.0 72.46707999500192
90.0 89.86515243841394
49.0 49.49965597248636
27.0 26.43818184642858
180.0 179.23281081081703
25.05481327907113 26.0
179.0 179.1143517711757
21.0 21.68213510844901
111.24998061549464 112.0
1.0 0.36308643213289316
0.0 0.18209183256936345
179.0 179.8264606928193
17.88958448913841 18.0
0.03982327054039525 1.0
25.56764113998666 26.0
17.24010728163571 18.0
88.0 88.41406426849777
26.94768609222539 26.0
17.0 17.331542281000367
49.95409775097158 49.0
0.47591073135748196 0.0
17.235041829839634 17.0
111.0292146603238 111.0
97.91828200596922 98.0
98.0 97.80074019759631
111.48146900550863 112.0
97.22982701238168 98.0
0.7696984204303526 1.0
10.543779248402481 11.0
26.0 26.397141367762114
10.65881453972583 11.0
26.0 25.57713991290444
72.0 72.29071683490946
179.1472495744831 180.0
21.0 21.62528472003114
32.273167042002626 33.0
89.0 88.02265941009139
17.0 17.012767753652273
3.1078898319825736 4.0
0.8454412020003927 1.0
25.24246879843685 25.0
111.48249900074634 112.0
98.0 97.10926091722727
53.03571181233557 53.0
1.0 0.5237304478056555
73.0 72.309780031799
3.2432791994133043 3.0
22.0 21.140825138256705
49.52559068517622 49.0
26.621255167700777 27.0
112.0 111.62961597189219
89.79654603645768 89.0
50.0 49.52999670767969
33.0 32.77864637731959
49.0 49.84457786112852
1.0 0.5904017424419886
99.61401963764705 100.0
3.0 3.8091033346341723
97.66469626629285 97.0
32.73603054537922 33.0
97.22135132081712 97.0
17.067965096935527 17.0
50.0 49.96108308593971
17.0 17.586526876576738
0.7872846143340408 1.0
47.0 47.90224649692123
72.7312890382347 72.0
50.0 49.841686112900376
99.97970923811789 100.0
1.0 0.7711865151566656
179.57664884678437 180.0
88.31960232320996 89.0
89.0 88.05037586063696
11.0 10.147963699469868
49.0 49.53652223772399
32.66107985123511 33.0
49.719030923153916 49.0
26.528957831731756 27.0
72.1387139041183 72.0
180.0 179.3695583093477
3.4413749733999603 3.0
72.30630112304212 72.0
17.162797795780726 17.0
72.34770164717412 73.0
49.0 49.84415800604103
179.0 179.05534591249628
50.0 49.306358634999064
179.01183362927787 180.0
47.802719138713314 48.0
47.0 47.768944798602895
89.0 88.85934024837063
21.0 21.90901121401579
97.0 97.39041090882898
179.0 179.96637636701988
3.9201207577822568 4.0
18.0 17.542754013751882
10.0 10.394303359615881
18.0 17.77689463930683
180.0 179.92713228023942
21.882905656801217 21.0
50.0 49.97390322876106
27.0 26.367703840759248
3.813194681405257 3.0
1.0 0.7358224287158381
49.29566617846835 50.0
10.495310066053372 11.0
72.0 72.68304763987715
32.0 32.13444469691619
22.0 21.872447322710258
88.87822885521896 89.0
26.0 26.918419847362692
0.0 0.21761513954500644
17.0 17.64120654105049
17.868368105564755 18.0
53.0 53.68077701863511
89.58943710372266 89.0
32.0 32.17955114498951
73.0 72.42169163519897
49.74896008624323 49.0
72.50988809266833 73.0
47.31610699273913 48.0
49.04632114375502 49.0
97.0 97.34523388389339
21.31264374779505 22.0
179.63557335433566 180.0
26.0 25.36796021616897
27.0 26.48152008785637
25.0 25.378099855815098
90.0 89.39035403659594
18.0 17.36152806778079
72.07085202873434 73.0
49.040617717680995 50.0
26.594642130788095 27.0
180.0 179.05329870030224
22.0 21.637355832974073
25.0 25.876123800209694
88.91862061657771 89.0
89.35174900407225 89.0
22.0 21.42316125077931
26.998448214968633 26.0
3.602636023606636 3.0
47.98871731240217 47.0
18.0 17.448008600400154
89.0 89.14221735806584
4.0 3.399532735888271
17.098506143085185 18.0
53.7917939309688 53.0
27.0 26.3380713856046
25.20043811240484 25.0
10.437973979254242 11.0
72.0 72.51075111722773
21.12638808273986 22.0
32.94681768249804 33.0
50.0 49.2593097731959
72.56567066197049 73.0
111.0 111.37199706498212
32.0 32.5539711837275
48.0 47.969726327298
88.29594455957339 89.0
49.301982395916774 49.0
50.0 49.00549933077571
17.66050885525711 18.0
180.0 179.4351560789603
32.34151116646252 32.0
26.0 26.121283624859824
17.0 17.529834399483615
179.0 179.35349937854025
47.740537647295014 48.0
49.497280690933586 50.0
48.0 47.7522647890144
49.79391171148038 49.0
97.31033225583242 98.0
49.58599241649619 49.0
22.0 21.57507910304634
179.69032009438135 179.0
26.0 26.317831875641875
26.0 26.234712746631818
26.53323051160243 26.0
3.854215433009295 4.0
10.0 10.036993429372286
72.68621821857434 72.0
25.748948269646803 26.0
89.0 89.41678003667809
26.0 26.52046790444608
73.0 72.40617317930158
49.1679170224556 49.0
17.030614282912165 18.0
89.0 88.96228305921464
25.383039506971873 26.0
0.459763367576841 1.0
97.15176103415638 97.0
179.97761369093726 180.0
88.59717264827479 89.0
0.8038030416623009 1.0
26.0 26.84135542451537
72.73724011184433 73.0
32.0 32.29704283965709
0.6970234804388962 1.0
97.93795507793487 97.0
53.65422225656581 53.0
32.46441441671151 32.0
72.21282401219895 72.0
26.0 26.18223551093867
25.0 25.66850005413221
26.033414128932474 27.0
111.27387260552423 111.0
97.1212379375572 97.0
0.5754274766202847 1.0
0.4258075053587762 0.0
49.0 49.279691640119346
22.0 21.38747780623996
0.0 0.03443587987298391
111.5186392604404 111.0
21.02365399205596 21.0
179.0 179.48337032264777
17.266333559854825 17.0
17.36255606587047 17.0
17.365778692727094 18.0
26.0 26.453858232356147
10.5345160212661 11.0
88.0 88.12086784775965
98.0 97.7568481364372
26.54450487645567 27.0
25.29535725964445 25.0
180.0 179.63181738395417
49.337960694699014 50.0
72.38528373106595 72.0
111.21559126652157 111.0
17.0 17.448403092358458
179.0 179.9809718436653
10.0 10.690323186188133
22.0 21.036093344435024
111.99936932238741 112.0
0.7012891603679446 0.0
73.0 72.4390949348793
26.65559750949392 26.0
90.0 89.31876374930327
0.7858117355006554 1.0
3.6453996431253506 4.0
111.0 111.31734228487585
89.12604838127156 89.0
111.0 111.26043649034365
3.1324901304529513 4.0
0.0 0.3909943976430096
22.0 21.135160131243303
53.717764718605885 54.0
97.1092879892848 97.0
10.852018696595074 11.0
49.0 49.237063291405015
21.0 21.86805793590637
53.764572486934696 53.0
90.0 89.57149499204174
179.08274128412924 180.0
99.75330908463752 99.0
18.0 17.092952883330405
49.97367284509463 50.0
25.0 25.134726953145538
72.0 72.26970932750676
72.0 72.72250531470229
98.0 97.45800845556117
49.99913033529168 50.0
21.0 21.935007117543083
72.06697613557446 72.0
3.0 3.467778966571628
32.76685665083221 32.0
17.0 17.007482758015005
50.0 49.91618801665503
18.0 17.54635336710155
33.0 32.64973855451433
21.0 21.282217707092645
73.0 72.11413320075651
179.4026836442972 179.0
53.98600244301105 53.0
49.3634462047434 50.0
26.866019288892556 27.0
180.0 179.64767541339668
0.057604974831314215 1.0
89.0 88.32715043882912
99.58998722665656 99.0
97.74695001538238 98.0
32.0 32.10025845266871
98.0 97.42273268327304
21.013563889297725 21.0
32.0 32.98252213504569
111.72250916328758 111.0
21.90503765158084 21.0
88.0 88.48313087066774
17.0 17.47118211797329
179.04818207082658 180.0
26.309119108866483 27.0
112.0 111.52698266088376
0.388464496729803 1.0
97.5597406884141 98.0
89.0 88.9047224447525
26.736623268040383 27.0
98.0 97.82544788813121
88.0 88.55173204238503
88.49786261146014 89.0
22.0 21.923791086086066
17.0 17.671014301103508
4.0 3.455811113492821
179.0 179.5183790975064
18.0 17.826093226049423
27.0 26.326729693693714
17.975965473463173 17.0
49.61705888451947 49.0
49.0 49.122037085590364
72.0 72.12374829387247
180.0 179.98380049740433
21.0 21.125006704081617
111.17858688067749 112.0
49.0 49.5257080087481
26.0 26.95639746952581
3.7267935475089526 4.0
179.0 179.26891115070117
49.0 49.89216905631816
3.0 3.0896000704411426
97.75232025840928 98.0
97.75918609752136 97.0
27.0 26.142285455179373
26.546414141579678 27.0
21.88421819079071 21.0
26.063898606900594 26.0
25.2022392248973 26.0
22.0 21.593173834507965
0.5571711979043852 1.0
18.0 17.001302612303796
17.32756632592309 18.0
10.827599577863811 11.0
10.0 10.888722231764493
17.0 17.444762320634528
32.81194738698904 32.0
112.0 111.21059324544964
1.0 0.1652939634021362
89.72707234897767 89.0
0.9915564068024291 0.0
26.0 26.100672080964983
97.32116447042486 98.0
49.0 49.87946171153351
22.0 21.72240944061318
21.0 21.723281766897404
72.33755490581265 73.0
180.0 179.4814969143862
49.04495836103662 50.0
90.0 89.98823029113792
89.16909953508824 89.0
73.0 72.87626311753657
32.62732361987949 33.0
88.5623029074923 89.0
26.12941449026432 26.0
89.90114187360109 89.0
49.61743464045998 50.0
89.41960201560381 90.0
49.01265135163691 49.0
49.0 49.423694842609194
25.10856212564331 25.0
17.18938101496324 18.0
7.872002279628119 7.0
10.4848161708497 11.0
97.3727425603324 97.0
3.732078468145393 4.0
26.0 26.95783698176213
98.0 97.16298459267477
26.0 25.933936870624006
112.0 111.00053392462908
25.0 25.26560963351136
179.0 179.64296639190565
21.0 21.449664652937592
180.0 179.56936175545013
33.0 32.07519628294481
89.0 88.62085905813775
89.1908376609043 89.0
97.0 97.54960916386081
17.0 17.487111372476548
89.24074052885346 89.0
179.0 179.0206690332546
10.0 10.052042657902113
49.0710490149637 49.0
10.730312615577464 10.0
17.532995310961294 17.0
17.279694860308023 18.0
179.9341225206276 180.0
111.61337801375443 111.0
25.0 25.729060740111787
0.0 0.824986843101956
112.0 111.12055946071857
179.98275379305156 179.0
97.69946574983555 98.0
49.0 49.24389001470808
26.505070400490457 26.0
72.0 72.82997757484772
26.0 25.078817684407646
17.0 17.58912532644889
0.2517198500225025 0.0
1.0 0.7058729840474635
26.0 26.20640958103302
180.0 179.935575377887
27.0 26.115352638457438
32.258718622100744 32.0
72.81694841704947 72.0
47.0 47.95968537219383
26.0 25.620863910267964
25.729544726457068 26.0
26.0 26.830490456166935
25.99664210738947 25.0
4.0 3.114054056318252
17.96167387449615 17.0
89.71443919047508 89.0
111.40566676559305 112.0
33.0 32.22619676053396
49.75052975018015 50.0
100.0 99.6874032652039
112.0 111.33246025077105
49.0 49.987878541458386
111.13935578394656 112.0
25.72346586580524 26.0
1.0 0.24783358901450137
3.694325506354243 4.0
111.27986450806748 112.0
25.218502613512676 25.0
49.0 49.85556678403535
73.0 72.14311257553202
111.0 111.27978398458018
72.31924114924067 73.0
88.01983739264813 88.0
179.0 179.52594774652758
88.32306540248186 89.0
10.83368310635422 10.0
98.0 97.17075356540752
72.64092125474355 72.0
27.0 26.94235069972449
97.73877099404753 97.0
25.58520338878914 26.0
25.303949313136105 26.0
21.98730402785997 21.0
27.0 26.474527728187237
90.0 89.16462995552972
21.052394326716858 22.0
22.0 21.06508942367451
179.46774037988806 180.0
27.0 26.231927230504326
111.27725640803389 112.0
17.0 17.07947111007223
27.0 26.9226806642472
88.0 88.39941123850974
21.074945951932968 21.0
1.0 0.6520313037122879
88.0 88.32131175622169
10.11598548441051 10.0
72.935887210866 72.0
17.955837067100102 18.0
88.0 88.75342390678087
180.0 179.8122264941334
10.14032410589069 11.0
49.98705824310139 50.0
26.81736670749429 27.0
26.0 26.063614981688747
111.74332267687976 111.0
53.473555562014624 54.0
72.71152742894739 72.0
89.96192424566607 89.0
7.718407403982242 8.0
26.448336596436285 26.0
89.23999163063712 89.0
89.69168711690254 90.0
100.0 99.5056661895438
7.0 7.497760246033271
21.0 21.63124600483134
25.204496157287643 26.0
32.70050450554746 33.0
3.7083751894424903 3.0
0.5509886651199394 1.0
89.78261372766215 89.0
111.13704082998848 111.0
3.0275549822300016 4.0
21.145691652130225 21.0
25.7292702447057 25.0
3.445425613151793 4.0
97.65496453959236 97.0
27.0 26.91641724393437
26.0 26.829369528222387
49.0 49.89171411207694
89.17238082390487 90.0
17.978814455477057 17.0
72.51431595664194 72.0
72.40653132888187 72.0
3.248387962970193 4.0
21.90143611730341 22.0
22.0 21.082512885321407
49.0 49.53272693769882
4.0 3.4832993601379485
73.0 72.58048425259999
22.0 21.038241924603476
49.72545593829435 49.0
21.04291542056682 22.0
0.13026486958982353 1.0
26.79258574836135 27.0
72.22227230715144 72.0
89.0 89.32685489927657
4.0 3.0651795058564426
88.0 88.03971856883088
49.0 49.899188168282826
17.0 17.647697858174375
49.29947820025783 49.0
3.365278290403059 3.0
7.0 7.674480476805154
18.0 17.55579047780178
10.618764694147318 11.0
7.0 7.108192107130776
88.91858592409746 89.0
10.066636013839293 11.0
112.0 111.02535316671982
72.0 72.74910676056385
17.36238729702329 17.0
49.0 49.517495975905604
17.799638063788688 18.0
21.0 21.943407852629797
112.0 111.5123650611455
22.0 21.54770191891926
112.0 111.51201011780836
88.0 88.97860589477399
72.19509433913572 72.0
72.0 72.62040608744331
89.84427849862267 89.0
89.0 89.11243596250046
10.0 10.96932440509018
97.85708412177469 97.0
32.65349662241586 32.0
7.496870367022518 7.0
53.080436451577256 53.0
89.02010643119137 90.0
3.6476922564187126 4.0
0.940379116832627 0.0
0.0 0.09533874777496498
10.0 10.185622789344151
18.0 17.385563518337236
21.0 21.27987779405681
26.0 26.841158529579157
97.10770368358591 98.0
25.981376513759482 25.0
32.247884241049064 32.0
3.469338756787304 4.0
89.73127991777085 90.0
89.44614045433424 89.0
3.0 3.5744871210262588
98.0 97.69200591528897
32.989982270516016 32.0
97.0 97.61949585225985
21.905198095208494 22.0
32.0 32.315363841912045
32.0 32.72888307088617
26.310103726593077 27.0
88.943424566909 89.0
27.0 26.475380692100966
111.0 111.06787900192283
179.20706300529963 179.0
25.0 25.60216656428644
179.84391197240728 180.0
25.0 25.85551848773226
111.0 111.80430875389791
97.00037887306844 98.0
22.0 21.03464384367577
179.63669064048528 179.0
89.05165807057433 90.0
17.0 17.04383462607078
179.23439714735918 179.0
88.04560705292806 89.0
17.0 17.434058309576937
17.0 17.735529325399185
21.682191569079418 22.0
97.62298268189078 97.0
4.0 3.7559521539048246
179.48995037000503 179.0
48.0 47.184309648336416
88.0 88.95606682324969
179.04321551628 179.0
53.113949433960435 53.0
26.0 25.528613277764247
21.0 21.52582512668798
180.0 179.89615842339276
22.0 21.908899077526787
3.0 3.35250144594463
17.0 17.266102711961754
112.0 111.07453930961053
97.85482942463881 97.0
98.0 97.69848720895018
179.0 179.7363293968881
49.12673922330327 50.0
49.39576655456725 49.0
111.72499274622555 112.0
11.0 10.17030803771145
26.0 26.037776302445664
89.0 88.01175166407553
49.63157183082622 50.0
17.0 17.029438867512145
72.11953410962663 72.0
26.09789474172193 27.0
22.0 21.142975267760125
72.0 72.61318744051155
8.0 7.319895050699927
89.04374638081842 90.0
26.65548582942629 26.0
1.0 0.6370350523208216
88.27389446161568 88.0
4.0 3.556653527222025
32.01990502334439 33.0
97.97277881746244 97.0
32.144245772098955 32.0
73.0 72.0858307639267
180.0 179.25383382958017
22.0 21.87062817919661
22.0 21.260698055292185
90.0 89.82211513487434
17.044200832291132 18.0
17.11040033039542 18.0
21.525690558502117 21.0
26.193594485317846 26.0
49.0 49.1877804255585
25.240957832639857 25.0
73.0 72.10195858500245
72.21178232328221 72.0
50.0 49.70722423686489
111.76142477791542 111.0
180.0 179.1960936878855
22.0 21.779925547012784
49.92468190761183 49.0
22.0 21.8529756594773
90.0 89.58142953093119
26.265162767162494 27.0
97.80702412378308 97.0
112.0 111.86644813090373
32.597884088653224 33.0
4.0 3.1973410272489633
112.0 111.92102414860531
17.024306942771172 17.0
25.252406087854656 26.0
26.0 26.952345696371538
72.75038766193882 73.0
33.0 32.3485808023376
180.0 179.39136872045324
98.0 97.52917987134255
4.0 3.2557770011235463
97.61660608851479 97.0
50.0 49.47176594504668
72.55128488980003 73.0
3.882906858568122 3.0
26.0 25.313191037997193
73.0 72.17136017064911
21.704273879486532 22.0
89.0 89.66569176292177
26.06942158418099 27.0
32.45242587669525 33.0
32.544909395116974 33.0
3.5651379468187594 3.0
50.0 49.84251251889016
111.6684224250584 112.0
180.0 179.27195561168026
88.6879369057416 89.0
50.0 49.61479466132585
4.0 3.6819158971697776
88.78097434362101 89.0
97.1848669490081 97.0
89.0 89.27880337689648
49.2367624256119 50.0
54.0 53.214119061255964
97.71940372648443 98.0
50.0 49.619481773515204
88.79254533033802 88.0
17.28728515143206 17.0
73.0 72.55810218303581
50.0 49.262230011042995
72.90874106445406 72.0
17.627289835771393 17.0
72.91196693232156 73.0
47.74769043425276 48.0
97.7457449981027 98.0
179.11003416090773 179.0
179.0 179.85455388230795
97.5506956731927 97.0
90.0 89.69011483323067
17.0 17.927568184180696
18.0 17.689266234739865
11.0 10.59374235158976
3.255183861756241 4.0
0.0 0.29869162379574654
3.353438113464614 3.0
72.99181889590068 73.0
1.0 0.16524910224580114
33.0 32.83643561640681
18.0 17.83787377846425
112.0 111.89639272989476
25.0 25.4771869759916
89.70001337328549 90.0
179.90572290262037 179.0
26.44304811500103 27.0
50.0 49.73184972862554
73.0 72.61015654957379
32.0 32.707648277219874
53.836285317208414 54.0
21.73628734973811 22.0
32.895550456635924 33.0
3.0 3.032582337513193
26.583320185820035 26.0
21.428393515770388 22.0
21.0 21.830224314814004
26.0 26.170264032160087
26.0 26.19100326793052
89.68650058003252 89.0
179.19954198589505 180.0
49.546563322927526 49.0
179.53232220165197 180.0
26.0 26.163690333746306
10.458360231891291 10.0
89.77489694653536 90.0
17.31885521291546 18.0
17.0 17.089520280942978
21.157178267290842 21.0
21.19708836260459 22.0
21.985851995959727 21.0
47.329043995430474 47.0
89.54309169388439 89.0
4.0 3.4245676235322255
26.0 26.605134669059403
72.75493046269297 72.0
72.23712810472495 73.0
89.38542935964439 90.0
10.826035233877686 11.0
73.0 72.85834263190071
111.0 111.8591911677604
111.0 111.27684585879621
10.0 10.904135005739288
26.080882575815515 26.0
26.078671021799853 27.0
49.25485394639379 50.0
50.0 49.68938677865734
49.0 49.19188206451963
10.0 10.604602542374606
32.0 32.07089579288684
3.4041611163082206 3.0
18.0 17.515182344434784
21.24227812688092 21.0
21.0 21.940171018676306
50.0 49.09685218512009
111.0774849265525 111.0
98.0 97.0335444861766
111.0 111.36421574336656
88.01935513986761 89.0
10.0 10.196101316235895
17.211832923976953 17.0
111.05981890139724 111.0
53.73930770000726 53.0
26.0 26.423243220284046
21.684058545482756 22.0
26.0 25.297629107473977
17.0 17.675306746532755
88.06960824271978 88.0
72.0 72.55356170357346
72.44409636331245 72.0
17.170102513403688 17.0
26.130881544213224 26.0
49.0 49.77432099713267
179.0592082205881 179.0
27.0 26.312861982660007
53.611958461513 54.0
33.0 32.22842695513688
0.0 0.15984400059293102
112.0 111.30322981619835
49.0 49.94243055114431
179.0 179.32854178363627
72.13923191832477 72.0
49.107405452715994 49.0
180.0 179.75129905049297
1.0 0.8327294039154972
4.0 3.2066579550098444
53.70851497783693 53.0
27.0 26.068410286110502
88.86212421556587 88.0
90.0 89.68490008072254
3.0 3.7857977345221334
22.0 21.546726785927543
18.0 17.756600146377128
21.12194871092112 21.0
89.0 88.34630220853725
22.0 21.154960918490595
111.0 111.84074126931795
89.0 89.88463395929676
27.0 26.68621061955128
1.0 0.5841700248974164
27.0 26.879335777249512
27.0 26.340097359777214
27.0 26.723983129352533
32.0 32.91543422059654
88.0 88.26648891719925
0.06340100568869156 1.0
72.0 72.85672743812849
72.0 72.28326943018973
72.96981285211935 73.0
111.72674895971086 112.0
21.284960875735685 21.0
49.71258621719875 49.0
26.0 26.41645701799399
47.93300810079131 48.0
90.0 89.39493158937566
3.132876951796601 4.0
27.0 26.133205041094094
26.6546047004825 27.0
47.0 47.216680213506095
21.157888277361664 21.0
26.0 25.451334472574743
49.0 49.60915254319737
17.0 17.291113936164656
18.0 17.833917346223142
32.0 32.99955169481861
17.675503986896985 18.0
8.0 7.469006946690911
18.0 17.756413228436774
89.56671785840918 90.0
53.57257794693589 53.0
21.179506970528983 22.0
179.21406908037628 179.0
10.704831311448588 11.0
49.61761849827802 50.0
72.83851068771916 73.0
25.0 25.779001161216087
47.81180418355714 47.0
50.0 49.45829928174461
73.0 72.21318036486255
72.61946037211149 72.0
0.9178303227059845 0.0
3.0 3.737436492241101
10.600857042268915 11.0
73.0 72.17875888544881
180.0 179.1491952920253
47.0 47.21209441416172
179.81159954134452 180.0
17.210025423617505 18.0
112.0 111.84692840251407
18.0 17.866657935445488
7.0 7.302237134492266
3.210473457432591 3.0
49.0 49.17406816885734
49.0 49.705177629957774
179.07040249830018 179.0
49.0 49.25525711976594
21.986283358635067 21.0
49.36850059240088 49.0
25.866642758188338 26.0
25.347244260169465 25.0
49.0 49.745747180213655
111.43304569657968 112.0
18.0 17.585884158256317
49.4354351326786 49.0
10.78966092226545 10.0
72.67677969287428 72.0
89.1138299851042 90.0
26.0 25.92427318218995
32.0 32.04260413606318
179.43396823707167 180.0
97.51258931168394 98.0
72.32226070319639 73.0
3.484447012699184 3.0
21.251864330563414 22.0
179.0 179.39783835039458
88.6883525298837 88.0
26.293159329329104 27.0
72.48230036422785 72.0
25.140594052068952 26.0
100.0 99.48121022598853
21.042810954581512 21.0
25.859546749094406 26.0
17.50907328394752 17.0
179.35330994478775 179.0
21.006053661006938 22.0
89.0 88.96136269990305
49.456072638130905 50.0
89.0 89.7477615606042
21.0 21.7502170630826
111.0 111.36478874040861
21.0 21.11722459771293
21.897465786564876 22.0
97.62931320048236 97.0
3.5372731712500443 3.0
89.0 88.79176218728682
1.0 0.6336457628786872
49.0 49.83214800877722
3.813191485185305 4.0
179.90452914927087 179.0
26.0 25.478487597158658
25.0 25.490168000253814
89.66159649639509 89.0
88.89145528724158 88.0
72.0 72.03626854506597
180.0 179.41240040060976
89.0 88.29293692464032
180.0 179.4988318253247
72.0 72.64906071476263
21.948324279919866 22.0
73.0 72.59968700506352
0.0 0.04117618452876459
17.174729877280292 17.0
10.0 10.641912279748825
49.039132276210275 50.0
179.0 179.26720439329813
180.0 179.2474989229861
73.0 72.42327523448319
32.38647256203222 33.0
89.0 88.9111900959876
50.0 49.54919828517164
25.234333706398917 26.0
26.097313516155218 27.0
89.05879975409506 90.0
90.0 89.35817886449728
8.0 7.059502029199633
3.803255761017284 4.0
99.40176153740572 100.0
179.0 179.95676903716802
8.0 7.814462380737696
49.72585517529091 49.0
50.0 49.020405995166236
50.0 49.84997416267635
32.0 32.95145346877823
32.0 32.13070439644182
1.0 0.03773695385071285
50.0 49.39037164800555
112.0 111.8851930412031
72.3854579606126 72.0
26.19749330213298 26.0
179.93318858820243 179.0
21.741874496873514 21.0
26.0 26.94708897196982
179.0 179.00629565809194
89.0 89.24055053318152
49.48027004887139 49.0
50.0 49.15531594517729
21.0 21.72003496931214
97.0 97.89974865370888
1.0 0.3163474327675714
22.0 21.402197683929504
17.0 17.975527773988876
99.6363187335422 99.0
26.861026250680595 26.0
53.0 53.21829595185789
0.6027094828850309 1.0
97.14915957376708 98.0
18.0 17.52972963105767
17.0 17.378802719473388
88.68232178769254 88.0
49.675345496403175 50.0
180.0 179.9709290283131
26.0 26.082574027938215
97.66279864420764 97.0
179.0 179.1713504130082
49.79931894921825 50.0
21.886571054064504 21.0
90.0 89.0319441816976
27.0 26.889593852695853
17.0 17.92276785972849
72.0 72.5502799360812
49.41982007957625 49.0
179.99890128603172 179.0
72.0 72.72235574058514
17.76629181338763 17.0
3.414844667827065 3.0
89.34765355697397 90.0
97.82301216333676 98.0
179.1226103009635 179.0
26.0 26.960905320586992
26.730388366784496 26.0
11.0 10.191905443060033
72.0 72.50124371749834
3.0 3.0572047686296613
49.87633220509902 50.0
88.59157219841238 88.0
49.0 49.6860933623092
53.0 53.21211307405628
10.159196207423912 11.0
53.68200997477822 54.0
0.7612546614856243 0.0
179.40214635710004 180.0
26.3463700766888 26.0
17.98122216459878 18.0
112.0 111.88646012861712
54.0 53.1391152835535
90.0 89.11850141208717
27.0 26.836452306213765
0.7864801005428328 1.0
26.0 26.975533146394895
88.0 88.6192941789038
179.14255396665064 179.0
49.88515511098664 49.0
89.15690911296295 89.0
90.0 89.82103942667295
112.0 111.77196739549613
49.130713132139256 50.0
111.0 111.80551295142955
179.9045635069558 180.0
10.65068264872274 10.0
0.8655691975683835 0.0
17.0 17.232123850376833
18.0 17.92745228437036
179.0 179.0217178782855
50.0 49.029826536834925
0.7592736042864598 1.0
90.0 89.12249738978541
32.24594997403536 32.0
17.762090444642702 17.0
179.8520506902155 179.0
17.491178984967664 17.0
0.0 0.5954412923180763
97.0 97.04511247254376
100.0 99.56660596695914
72.86541289363653 73.0
49.88376422947321 49.0
50.0 49.712998098463245
33.0 32.679531699797764
4.0 3.346430944170634
97.71896260318715 97.0
89.40452425031191 89.0
49.235274769655966 50.0
112.0 111.06136791371068
89.29195338799553 90.0
18.0 17.286684830050373
21.48603591803267 21.0
21.632163528620282 22.0
50.0 49.919646881022125
10.0 10.09020207341768
17.035552709094418 17.0
179.13578337598858 180.0
111.27020034932642 111.0
17.0 17.201712660255545
179.99444585644162 180.0
17.148223183807893 18.0
17.0 17.369165753272565
49.7117090061395 49.0
26.0 26.844558637571126
72.0 72.1557639387215
180.0 179.95976214657193
49.24983094434233 49.0
49.0 49.26149499036395
89.69202767196064 89.0
3.4892545538366075 3.0
180.0 179.57298759053407
18.0 17.82745232117176
97.5207253686733 97.0
179.6396691260211 180.0
17.08988585797965 18.0
4.0 3.9611501391094834
179.61093432956912 180.0
180.0 179.1851276981952
26.05119250457534 27.0
72.6607128356176 73.0
26.0 26.583432854900376
49.13679255567543 50.0
111.12528780149307 111.0
89.0 89.29698816270931
111.0 111.49120274054783
179.28954227200703 179.0
26.0 26.08573807082002
21.389130951721874 22.0
73.0 72.15875842041672
26.13392642218958 27.0
49.0 49.981772704038114
4.0 3.3934177619762504
49.0 49.921357653679536
0.7832145626453335 1.0
32.0 32.557022460337116
26.3100532552808 26.0
3.3851351601627977 4.0
0.45620882204503077 1.0
50.0 49.997397253188375
89.51445925653587 89.0
11.0 10.864123915521917
17.0 17.60889246711934
111.0 111.27075257792475
97.26004039089838 98.0
17.426677247261175 18.0
17.0 17.755558471115307
99.44345363591691 99.0
22.0 21.281068917241708
25.37460469658796 25.0
17.653367854812604 18.0
48.0 47.244740411077956
26.80009687379637 26.0
27.0 26.9272742967927
4.0 3.0321969926756442
22.0 21.952163959879574
0.0 0.8940009371096406
179.17944797304156 180.0
49.0 49.499124172783624
10.0 10.036317391238924
111.40821577686968 112.0
49.0 49.09708266481819
47.22670624132834 48.0
180.0 179.53510704110548
98.0 97.81858277097503
89.67581266342154 90.0
89.0 89.98956163363427
17.0 17.424081701259915
26.615417678285517 26.0
72.6799908649751 73.0
26.94286912847801 27.0
21.0 21.91893463862233
32.0 32.28995369605767
21.847161809792077 21.0
49.32035930782731 50.0
179.777737045741 180.0
49.290662211105726 49.0
97.58304717373827 97.0
21.943455498034737 21.0
26.0 26.14496607782875
89.0 88.63054135200355
3.0 3.565249799051472
32.64480098790171 33.0
3.7815785532547137 4.0
180.0 179.86347046635134
89.0124487778317 90.0
72.15703944857749 73.0
179.698203121054 179.0
179.13060830812574 179.0
98.0 97.77642202880992
25.210561170501546 26.0
48.0 47.87956059997935
49.534846924596366 49.0
21.840629876608556 22.0
10.461541561553581 10.0
4.0 3.5493643517237325
111.0 111.2248836514125
27.0 26.978421626756326
72.32008817353082 72.0
26.3687193146259 26.0
179.0 179.79589170207547
26.73215550093271 27.0
112.0 111.84821983179366
112.0 111.87763307379244
89.38023463350771 90.0
72.93412800233847 72.0
26.0 26.535231818219227
72.55625087337354 72.0
89.0 89.55524222833095
89.18028871971565 90.0
26.0 26.27156115712818
32.284643101849035 32.0
11.0 10.190305410740212
72.0 72.09811794987407
26.0 25.01985159439978
111.61980723994026 112.0
111.0 111.42997370396488
26.14396971508781 26.0
27.0 26.16195085699292
25.507774125274597 26.0
179.0 179.9285512656051
21.700640689895145 21.0
111.59533769332327 111.0
21.68223795385387 22.0
50.0 49.930736367057484
97.36404392589516 97.0
18.0 17.722319884937423
32.314257359182996 33.0
179.64570608993355 180.0
89.92415012181976 89.0
17.0 17.51401354735434
17.19984585749159 18.0
18.0 17.173988283338677
17.626025790266656 18.0
32.94012453439921 33.0
112.0 111.79312724102266
73.0 72.01223389166009
26.958206485165913 27.0
21.905210156897606 21.0
179.28772321154787 180.0
89.27227339231517 89.0
17.350708803080792 18.0
48.0 47.222485600984264
97.08109229522603 98.0
26.0 25.598900125223423
17.469944458585665 17.0
27.0 26.33958507199507
26.036707225922743 27.0
72.97950154077056 73.0
89.0 89.89873585449224
26.148390742494815 27.0
88.54757210674458 89.0
21.56267230857057 22.0
11.0 10.064081419436894
111.94074020066277 111.0
72.60146727578542 73.0
89.0 89.90296030092236
26.709844369744186 26.0
72.63608297107125 72.0
32.83505907822367 33.0
17.814342193463506 18.0
21.77584210195408 22.0
111.51166667188276 112.0
179.58575907441357 180.0
26.0 25.630237653618703
89.0 89.03496084880977
179.0565411780386 179.0
72.69133751515744 72.0
32.0 32.815553683680115
1.0 0.9805144928937756
25.0 25.950204814111252
73.0 72.42282928596046
32.12844236236331 33.0
53.0 53.11355118570004
180.0 179.01176120269412
180.0 179.52784149572653
53.708025074771925 53.0
50.0 49.96536852066184
72.23416509093065 72.0
72.0 72.29451490164537
49.74740131621275 49.0
17.288521647668528 18.0
89.0 89.69078328041425
49.089784428140256 50.0
179.37063853329784 179.0
27.0 26.252946130834417
50.0 49.67846234582919
90.0 89.60972912492446
111.30924685208804 112.0
3.37659695886896 3.0
89.2661369257332 90.0
180.0 179.45944519556124
73.0 72.1728506177676
111.06312088356466 112.0
25.45902927531759 25.0
72.80859396374676 72.0
111.38830119073566 111.0
32.0 32.93147886079086
32.600507263887444 33.0
50.0 49.2017990064951
0.0 0.5053818081636954
72.58485850758676 73.0
0.5380850254956117 0.0
73.0 72.24376055554478
73.0 72.88164829471286
21.58103046517535 22.0
54.0 53.71509998273715
17.49940468985982 17.0
25.535490241504334 25.0
98.0 97.62400128637888
97.10072238450687 98.0
97.0 97.92843407863656
0.0 0.39863756831036834
26.7251843979736 27.0
25.33737018251365 26.0
18.0 17.283403207308506
179.7691448108374 180.0
3.0 3.4310238864754363
49.895617244214364 50.0
17.890676528538194 17.0
49.0 49.41552529109389
88.19139401243861 89.0
17.954107547672535 18.0
97.0 97.9906650061519
111.22262461913289 112.0
179.0 179.7497356539016
72.83729718088172 72.0
3.0 3.5635153913701494
72.1930402739416 72.0
179.0 179.77791267124303
3.673051627531585 4.0
89.77711680750245 90.0
73.0 72.35436049628747
73.0 72.17662654929954
33.0 32.6186204332143
22.0 21.59636764564684
17.67935170194589 18.0
32.0 32.82336648858481
111.0 111.45404033059407
90.0 89.76429997104876
17.272049406998054 18.0
26.885928193669734 26.0
72.04531479348861 73.0
3.603022684873842 3.0
89.66413502164333 90.0
25.0 25.514414338055598
32.0 32.6919295898798
33.0 32.959308353444385
26.870526366119503 26.0
26.029338346829157 26.0
88.61946613526162 88.0
17.0 17.1379033917556
27.0 26.813290723919085
22.0 21.633683231992396
88.84441625882543 88.0
49.09516536776108 50.0
26.0 26.174369447333994
26.542130740787496 27.0
22.0 21.185888094947817
26.360011673215844 27.0
18.0 17.21888043586042
179.0 179.6606506784553
25.0 25.958547436099224
33.0 32.60480376473593
49.0 49.3559050926904
26.0 25.717771451065467
7.757367786889209 7.0
72.53922189672757 72.0
21.867608882973986 22.0
111.31699728197565 111.0
49.0 49.981898982329746
26.0 26.203016761058855
89.28578637723248 89.0
17.0 17.9865724917083
89.76261324913006 90.0
21.0 21.15629763035724
21.531093825451816 22.0
26.103525424424102 26.0
11.0 10.52459717567185
17.620229343160485 17.0
73.0 72.45028639358986
111.41104895550735 112.0
21.2146682264079 22.0
3.9067436012346715 3.0
50.0 49.34668776759603
4.0 3.470124337146654
27.0 26.66220936661962
89.0 88.44072968800326
17.315374907706037 18.0
48.0 47.27019276994867
1.0 0.3775923572542317
47.01716246325942 47.0
72.40671729077917 73.0
25.0 25.43227977261283
73.0 72.07699637490066
3.0 3.745686522534506
32.147812007310264 33.0
17.673904588926327 18.0
22.0 21.332641395159385
17.956463818790613 18.0
17.85262360249096 18.0
89.0 88.38380716591796
18.0 17.057845038482625
25.991418849294664 26.0
17.0 17.842655033347754
21.794806936366875 21.0
111.95052126075979 112.0
97.48885573080979 97.0
49.0 49.74743920245491
89.02078541676208 90.0
88.80553268017029 88.0
88.83887925821118 89.0
49.30464467148884 49.0
22.0 21.32661051461062
72.17150297605122 72.0